busting				
buff	fanático,-a,caqui,bonitão		[sound:6001-7000-cambridge-buff.mp3]	a person who knows a lot about and is very interested in a particular subject
wax	cera	/<span class="ipa dipa">wæks</span>/	[sound:6001-7000-cambridge-wax.mp3]	a solid substance that becomes soft when warm and melts easily, often used to make candles
sleeve	manga,ter um plano na manga	/<span class="ipa dipa">sliv</span>/	[sound:6001-7000-cambridge-sleeve.mp3]	the part of a jacket, shirt, etc. that covers your arm
se				
pudding	sobremesa	/<span class="ipa dipa">ˈpʊd.ɪŋ</span>/	[sound:6001-7000-cambridge-pudding.mp3]	sweet food that is usually eaten as the last part of a meal
products				
philosophy	filosofia	/<span class="ipa dipa">fɪˈlɑ·sə·fi</span>/	[sound:6001-7000-cambridge-philosophy.mp3]	the study or writing of ideas about the meaning of life
Juliet				
japan	Japão		[sound:6001-7000-cambridge-uscld04178.mp3]	a country in East Asia formed of a group of islands
irony	ironia		[sound:6001-7000-cambridge-irony.mp3]	a situation in which something which was intended to have a particular result has the opposite or a very different result
hospitals				
dope	maconha,idiota,dopar,drogar	/<span class="ipa dipa">doʊp</span>/	[sound:6001-7000-cambridge-dope.mp3]	marijuana, or, more generally, any type of illegal drug
declare	declarar	/<span class="ipa dipa">dɪˈkleər</span>/	[sound:6001-7000-cambridge-eus75523.mp3]	to officially tell someone the value of something, for example at an airport, because you may have to pay tax
autopsy	autópsia	/<span class="ipa dipa">ˈɑː.tɑːp-</span>/	[sound:6001-7000-cambridge-eus75493.mp3]	the cutting open and examination of a dead body in order to discover the cause of death
workin				
torch	tocha,lanterna	/<span class="ipa dipa">tɔrtʃ</span>/	[sound:6001-7000-cambridge-torch.mp3]	a long stick with material that burns tied to the top of it
substitute	substituto,substituir	/<span class="ipa dipa">ˈsʌb·stɪˌtut</span>/	[sound:6001-7000-cambridge-substitute.mp3]	someone or something that is used instead of another person or thing
scandal	escândalo	/<span class="ipa dipa">ˈskæn·d<span class="sp dsp">ə</span>l</span>/	[sound:6001-7000-cambridge-scandal.mp3]	something that shocks people because they think it is very bad
prick	espetar,picar,ferroar,picada,pontada,ferroada	/<span class="ipa dipa">prɪk</span>/	[sound:6001-7000-cambridge-eus73707.mp3]	to make a very small hole in something with a sharp object
limb	membro	/<span class="ipa dipa">lɪm</span>/	[sound:6001-7000-cambridge-limb.mp3]	a leg or an arm of a person
leaf	folha	/<span class="ipa dipa">lif</span>/	[sound:6001-7000-cambridge-leaf.mp3]	a flat, green part of a plant that grows from a stem or branch
laser	laser	/<span class="ipa dipa">ˈleɪ·zər</span>/	[sound:6001-7000-cambridge-laser.mp3]	a very strong line of light that is used in machines and for repairing parts of the body
lady's				
hysterical	histérico,muito divertido,histericamente	/<span class="ipa dipa">hɪˈster·ɪ·kəl</span>/	[sound:6001-7000-cambridge-hysterical.mp3]	not able to control your behaviour because you are very frightened, angry, excited, etc.
growth	crescimento,tumor	/<span class="ipa dipa">ɡroʊθ</span>/	[sound:6001-7000-cambridge-growth.mp3]	the process of getting bigger or developing
goddamnit				
fetch	trazer,ir buscar,pegar	/<span class="ipa dipa">fetʃ</span>/	[sound:6001-7000-cambridge-fetch.mp3]	to go to another place to get something or someone
dimension	dimensões,dimensão	/<span class="ipa dipa">dəˈmen·ʃən</span>/	[sound:6001-7000-cambridge-eus71283.mp3]	a measurement of the length, width, or height of something
day's				
crowded	lotado,cheio de gente	/<span class="ipa dipa">ˈkrɑʊ·dɪd</span>/	[sound:6001-7000-cambridge-crowded.mp3]	very full of people
cousins				
clip	clipe,clipe (filme),videoclipe,prender algo com um clipe,cortar	/<span class="ipa dipa">klɪp</span>/	[sound:6001-7000-cambridge-clip.mp3]	a small metal object used for holding things together
climbing	alpinismo	/<span class="ipa dipa">ˈklɑɪ·mɪŋ</span>/	[sound:6001-7000-cambridge-usclavi022.mp3]	the sport of climbing mountains, hills, or rocks
bonding				
bee	abelha,ser/estar obcecado	/<span class="ipa dipa">bi</span>/	[sound:6001-7000-cambridge-b.mp3]	a yellow and black insect that makes honey (= sweet, sticky food)
Barnes				
approved				
yeh	sim	/<span class="ipa dipa">jeə</span>/	[sound:6001-7000-cambridge-yeah.mp3]	→  yeah 
woah				
veronica				
ultimately	no final,no final das contas	/<span class="ipa dipa">-t̬ə-</span>/	[sound:6001-7000-cambridge-ultimately.mp3]	finally, after a series of things have happened
trusts				
terror	terror	/<span class="ipa dipa">ˈter·ər</span>/	[sound:6001-7000-cambridge-terror.mp3]	a feeling of being very frightened
roller	rolo,bóbi	/<span class="ipa dipa">ˈroʊ·lər</span>/	[sound:6001-7000-cambridge-roller.mp3]	a piece of equipment in the shape of a tube that is rolled around or over something
returns				
negotiate	negociar	/<span class="ipa dipa">nɪˈɡoʊ·ʃiˌeɪt</span>/	[sound:6001-7000-cambridge-negotiate.mp3]	to try to make or change an agreement by talking about it
millennium	milênio	/<span class="ipa dipa">məˈlen·i·əm</span>/	[sound:6001-7000-cambridge-millennium.mp3]	a period of 1,000 years
mi	mi		[sound:6001-7000-cambridge-me.mp3]	the third note in the sol-fa musical scale
marsh	charco,brejo,pântano	/<span class="ipa dipa">mɑrʃ</span>/	[sound:6001-7000-cambridge-marsh.mp3]	an area of soft, wet land
majority	maioria	/<span class="ipa dipa">məˈdʒɔr·ə·t̬i</span>/	[sound:6001-7000-cambridge-eus72875.mp3]	the biggest group of people or things
lethal	letal,fatal	/<span class="ipa dipa">ˈli·θəl</span>/	[sound:6001-7000-cambridge-lethal.mp3]	able to kill someone
length	comprimento,duração	/<span class="ipa dipa">leŋkθ</span>/	[sound:6001-7000-cambridge-length.mp3]	how long something is from one end to the other
iced				
fantasies				
element	elemento,um pouco de algo,ficar bem à vontade	/<span class="ipa dipa">ˈel·ə·mənt</span>/	[sound:6001-7000-cambridge-element.mp3]	a part of something
deeds				
Clarke				
cigars				
Bradley				
bore	passado de “bear”,entediar,pessoa chata,coisa/situação maçante,entediante,cansativa	/<span class="ipa dipa">bɔr</span>/	[sound:6001-7000-cambridge-boar.mp3]	past tense of bear
babysitter	babá que cuida de crianças na casa delas	/<span class="ipa dipa">ˈbeɪ·biˌsɪt̬·ər</span>/	[sound:6001-7000-cambridge-usavowa029.mp3]	someone who looks after children while their parents are not at home
sponge	esponja,esponjoso,encharcado	/<span class="ipa dipa">spʌndʒ</span>/	[sound:6001-7000-cambridge-sponge.mp3]	a soft substance full of small holes, used for washing things
sleepy	sonolento,sonolentamente	/<span class="ipa dipa">ˈsli·pi</span>/	[sound:6001-7000-cambridge-sleepy.mp3]	feeling tired and wanting to go to sleep
Rita				
questioned				
peek	espiar,dar uma espiada		[sound:6001-7000-cambridge-peak.mp3]	to look, especially for a short time or while trying to avoid being seen
outrageous	ultrajante,escandaloso,ultrajantemente,afrontosamente	/<span class="ipa dipa">ɑʊtˈreɪ·dʒəs</span>/	[sound:6001-7000-cambridge-eus75370.mp3]	shocking or very unusual
nigger				
medal	medalha	/<span class="ipa dipa">ˈmed·<span class="sp dsp">ə</span>l</span>/	[sound:6001-7000-cambridge-medal.mp3]	a piece of metal given as a prize in a competition or given to someone who has been very brave
Kiriakis				
insulted				
hu				
grudge	rancor,motivo de rancor,dar de má vontade,invejar	/<span class="ipa dipa">ɡrʌdʒ</span>/	[sound:6001-7000-cambridge-grudge.mp3]	a bad or angry feeling towards someone because of something they did in the past
established	firmar-se	/<span class="ipa dipa">ɪˈstæb.lɪʃt</span>/	[sound:6001-7000-cambridge-cald4us0774.mp3]	to start growing successfully somewhere
driveway	entrada (da garagem)	/<span class="ipa dipa">ˈdrɑɪvˌweɪ</span>/	[sound:6001-7000-cambridge-uscld00384.mp3]	the area of ground that you drive on to get from your house to the road
deserted	deserto	/<span class="ipa dipa">dɪˈzɜr·t̬ɪd</span>/	[sound:6001-7000-cambridge-deserted.mp3]	A deserted place has no people in it
definite	concreto,definitivo	/<span class="ipa dipa">ˈdef·ə·nɪt</span>/	[sound:6001-7000-cambridge-definite.mp3]	certain, clear, and not likely to change
capture	capturar,captar,gravar com câmera fotográfica ou vídeo	/<span class="ipa dipa">ˈkæp·tʃər</span>/	[sound:6001-7000-cambridge-capture.mp3]	to catch someone and make them your prisoner
beep	tocar,apito	/<span class="ipa dipa">bip</span>/	[sound:6001-7000-cambridge-beep.mp3]	If a machine beeps, it makes a short, high noise.
Adams				
wires				
weed	erva daninha,remover ervas daninhas,capinar	/<span class="ipa dipa">wid</span>/	[sound:6001-7000-cambridge-cdomiscuswed0216.mp3]	a wild plant that you do not want in your garden
suggestions				
searched				
owed				
originally	no princípio,no começo	/<span class="ipa dipa">əˈrɪdʒ·ə·n<span class="sp dsp">ə</span>l·i</span>/	[sound:6001-7000-cambridge-eus75299.mp3]	at the beginning
nickname	apelido,apelidar	/<span class="ipa dipa">ˈnɪkˌneɪm</span>/	[sound:6001-7000-cambridge-nickname.mp3]	a name used informally instead of your real name
mo	momento,instante	/<span class="ipa dipa">moʊ</span>/	[sound:6001-7000-cambridge-eus73047.mp3]	a short period of time; a moment
lighting	iluminação	/<span class="ipa dipa">ˈlɑɪ·t̬ɪŋ</span>/	[sound:6001-7000-cambridge-lighting.mp3]	the light that is used in a room or building
lend	emprestar	/<span class="ipa dipa">lend</span>/	[sound:6001-7000-cambridge-lend.mp3]	to give something to someone for a period of time
films				
drunken	alcoólatra		[sound:6001-7000-cambridge-drunken.mp3]	A drunken person is (often) under the influence of alcohol.
demanding	exigente,trabalhoso,difícil	/<span class="ipa dipa">dɪˈmæn·dɪŋ</span>/	[sound:6001-7000-cambridge-eus75566.mp3]	needing a lot of time, attention, or effort
Costanza				
conviction	condenação,convicção		[sound:6001-7000-cambridge-conviction.mp3]	the fact of officially being found to be guilty of a particular crime, or the act of officially finding someone guilty
characters				
Carlo				
bumped				
Alaska				
weigh	pesar	/<span class="ipa dipa">weɪ</span>/	[sound:6001-7000-cambridge-way.mp3]	to have a weight of 200 g, 75 kg, 10 stone, etc.
weasel	doninha	/<span class="ipa dipa">ˈwi·zəl</span>/	[sound:6001-7000-cambridge-weasel.mp3]	a small animal with a long body that kills and eats other small animals
valentine	namorado,-a,cartão de dia dos namorados		[sound:6001-7000-cambridge-valentine.mp3]	someone you love or would like to have a romantic relationship with
touches				
tempted				
supreme	supremo,sumamente,muito	/<span class="ipa dipa">səˈprim</span>/	[sound:6001-7000-cambridge-eus75961.mp3]	of the greatest importance
shout	gritar,grito	/<span class="ipa dipa">ʃɑʊt</span>/	[sound:6001-7000-cambridge-shout.mp3]	to say something very loudly
rocket	foguete	/<span class="ipa dipa">ˈrɑ·kɪt</span>/	[sound:6001-7000-cambridge-rocket.mp3]	a tube-shaped vehicle for travelling in space
resolve	resolver,resolver-se	/<span class="ipa dipa">rɪˈzɑlv</span>/	[sound:6001-7000-cambridge-resolve.mp3]	to solve or end a problem or difficulty
relate	relatar,narrar	/<span class="ipa dipa">rɪˈleɪt</span>/	[sound:6001-7000-cambridge-relate.mp3]	to tell a story or describe a series of events
poisoned				
pip	semente	/<span class="ipa dipa">pɪp</span>/	[sound:6001-7000-cambridge-uspinki015.mp3]	a small seed inside fruit such as apples and oranges
Phoebe's				
Pete's				
occasionally				
Molly's				
meals				
maker	fabricante	/<span class="ipa dipa">ˈmeɪ·kər</span>/	[sound:6001-7000-cambridge-maker.mp3]	the person or company that makes a product
invitations				
intruder	intruso,-a	/<span class="ipa dipa">-dɚ</span>/	[sound:6001-7000-cambridge-intruder.mp3]	someone who is in a place or situation where they are not wanted
haunted	atormentado,mal-assombrado	/<span class="ipa dipa">ˈhɑːn.t̬ɪd</span>/	[sound:6001-7000-cambridge-haunted.mp3]	showing signs of suffering or severe anxiety
Harrison				
fur	pele,pelo	/<span class="ipa dipa">fɜr</span>/	[sound:6001-7000-cambridge-fur.mp3]	the thick hair that covers the bodies of some animals like cats and rabbits
footage	filmagem,filmagens	/<span class="ipa dipa">ˈfʊt̬-</span>/	[sound:6001-7000-cambridge-footage.mp3]	(a piece of) film especially one showing an event
depending				
bonds				
bogus	falso	/<span class="ipa dipa">ˈboʊ-</span>/	[sound:6001-7000-cambridge-bogus.mp3]	false, not real, or not legal
Berlin				
Barton				
autograph	autógrafo,autografar	/<span class="ipa dipa">ˈɔ·t̬əˌɡræf</span>/	[sound:6001-7000-cambridge-autograph.mp3]	a famous person’s name, written by that person
Arizona				
apples				
affects				
tolerate	tolerar	/<span class="ipa dipa">ˈtɑ·ləˌreɪt</span>/	[sound:6001-7000-cambridge-tolerate.mp3]	to accept or allow something although you do not like it
stepping				
spontaneous	espontâneo,espontaneidade,espontaneamente	/<span class="ipa dipa">spɑːn-</span>/	[sound:6001-7000-cambridge-spontaneous.mp3]	happening or done in a natural, often sudden way, without any planning or without being forced
southern	do sul,meridional	/<span class="ipa dipa">ˈsʌð·ərn</span>/	[sound:6001-7000-cambridge-southern.mp3]	in or from the south part of an area
sleeps				
probation	liberdade condicional,suspensão condicional da pena	/<span class="ipa dipa">proʊˈbeɪ·ʃən</span>/	[sound:6001-7000-cambridge-probation.mp3]	a period of time when a criminal must behave well and not commit any more crimes in order to avoid being sent to prison
presentation	apresentação,entrega	/<span class="ipa dipa">ˌprez·ənˈteɪ·ʃən</span>/	[sound:6001-7000-cambridge-presentation.mp3]	a talk giving information about something
performed				
Manny				
identical	idêntico	/<span class="ipa dipa">ɑɪˈden·t̬ɪ·kəl</span>/	[sound:6001-7000-cambridge-identical.mp3]	exactly the same
herb	erva	/<span class="ipa dipa">ɜrb</span>, <span class="ipa dipa">hɜrb</span>/	[sound:6001-7000-cambridge-herb.mp3]	a plant that is used in cooking to add flavour to food
fist	punho	/<span class="ipa dipa">fɪst</span>/	[sound:6001-7000-cambridge-fist.mp3]	a hand closed into a ball with the fingers and thumb curled tightly together
cycle	andar de bicicleta	/<span class="ipa dipa">ˈsɑɪ·kəl</span>/	[sound:6001-7000-cambridge-cycle.mp3]	to ride a bicycle
cooler	cooler,caixa térmica,bebida com vinho,suco de frutas e água gaseificada,climatizador	/<span class="ipa dipa">ˈkuː.lɚ</span>/	[sound:6001-7000-cambridge-cooler.mp3]	a container like a box with a lid, used for keeping food and drinks cool
banner	faixa com dizeres ou mensagens	/<span class="ipa dipa">ˈbæn·ər</span>/	[sound:6001-7000-cambridge-banner.mp3]	a long piece of cloth, often stretched between poles, with a message written on it
associates				
Aaron's				
yankee				
streak	risca	/<span class="ipa dipa">strik</span>/	[sound:6001-7000-cambridge-streak.mp3]	a thin line or mark
spectacular	espetacular,espetacularmente	/<span class="ipa dipa">spekˈtæk·jə·lər</span>/	[sound:6001-7000-cambridge-spectacular.mp3]	very good or exciting
sector	setor	/<span class="ipa dipa">-tɚ</span>/	[sound:6001-7000-cambridge-sector.mp3]	one of the areas into which the economic activity of a country is divided
muscles				
lasted				
Isaac's				
increase	aumentar	/<span class="ipa dipa">ɪnˈkris</span>/	[sound:6001-7000-cambridge-increase.mp3]	to get bigger or to make something bigger
hostages				
heroin	heroína	/<span class="ipa dipa">ˈher·oʊ·ɪn</span>/	[sound:6001-7000-cambridge-heroin.mp3]	a very strong drug that some people use illegally for pleasure
havin				
hardware	hardware	/<span class="ipa dipa">ˈhɑrdˌweər</span>/	[sound:6001-7000-cambridge-hardware.mp3]	the machines or equipment that your computer system is made from, not the programs
habits				
fisher				
encouraging	alentador,encorajador,de forma encorajadora,o que é encorajador	/<span class="ipa dipa">ɪnˈkɜr·ɪdʒ·ɪŋ</span>, <span class="ipa dipa">ɪnˈkʌr·ɪdʒ·ɪŋ</span>/	[sound:6001-7000-cambridge-encouraging.mp3]	making someone feel more hope and confidence
cult	seita,culto,cult		[sound:6001-7000-cambridge-cult.mp3]	a religious group, often living together, whose beliefs are considered extreme or strange by many people
consult	consultar,procurar conselho ou informação com/em	/<span class="ipa dipa">kənˈsʌlt</span>/	[sound:6001-7000-cambridge-consult.mp3]	to go to a person or book to get information or advice
burgers				
Bristow				
boyfriends				
bailed				
baggage	bagagem	/<span class="ipa dipa">ˈbæɡ·ɪdʒ</span>/	[sound:6001-7000-cambridge-baggage.mp3]	all the cases and bags that you take with you when you travel
association	associação	/<span class="ipa dipa">əˌsoʊ·ʃiˈeɪ·ʃən</span>, <span class="ipa dipa">əˌsoʊ·siˈeɪ·ʃən</span>/	[sound:6001-7000-cambridge-association.mp3]	an organization of people with the same interests or purpose
wealthy	endinheirado,abastado,rico	/<span class="ipa dipa">ˈwel.·θi</span>/	[sound:6001-7000-cambridge-wealthy.mp3]	rich
watches				
versus	contra	/<span class="ipa dipa">ˈvɜr·səs</span>/	[sound:6001-7000-cambridge-versus.mp3]	used to say that one team or person is competing against another
troubled	com problemas,conturbado,atribulado,preocupado		[sound:6001-7000-cambridge-troubled.mp3]	having problems or difficulties
torturing				
teasing				
sweetest				
stations				
sip	sorver,gole	/<span class="ipa dipa">sɪp</span>/	[sound:6001-7000-cambridge-sip.mp3]	to drink, taking only a small amount at a time
Shawn's				
rag	trapo,farrapo	/<span class="ipa dipa">ræɡ</span>/	[sound:6001-7000-cambridge-rag.mp3]	a piece of old cloth that you use to clean things
qualities				
postpone	adiar	/<span class="ipa dipa">poʊstˈpoʊn</span>/	[sound:6001-7000-cambridge-postpone.mp3]	to arrange for something to happen at a later time
pad	bloco de anotações,enchimento	/<span class="ipa dipa">pæd</span>/	[sound:6001-7000-cambridge-pad.mp3]	pieces of paper that have been attached together at one edge
overwhelmed				
maniac	maníaco,-a,louco	/<span class="ipa dipa">ˈmeɪ·niˌæk</span>/	[sound:6001-7000-cambridge-maniac.mp3]	someone who behaves in an extreme or uncontrolled way
Malkovich				
impulse	impulso	/<span class="ipa dipa">ˈɪm·pʌls</span>/	[sound:6001-7000-cambridge-impulse.mp3]	a sudden feeling that you must do something
hut	cabana	/<span class="ipa dipa">hʌt</span>/	[sound:6001-7000-cambridge-hut.mp3]	a small, simple building, often made of wood
follows				
duchess	duquesa	/<span class="ipa dipa">ˈdʌtʃ·es</span>/	[sound:6001-7000-cambridge-duchess.mp3]	a woman who has a very high social rank in some European countries
classy	estiloso	/<span class="ipa dipa">ˈklæs.i</span>/	[sound:6001-7000-cambridge-classy.mp3]	stylish or fashionable
charging				
celebrity	celebridade	/<span class="ipa dipa">səˈleb·rə·t̬i</span>/	[sound:6001-7000-cambridge-eus70741.mp3]	a famous person
Barbara's				
angel's				
amazed	admirado,assombrado	/<span class="ipa dipa">əˈmeɪzd</span>/	[sound:6001-7000-cambridge-usamanu005.mp3]	very surprised
slater				
scenes				
rising				
revealed				
representing				
policeman	policial	/<span class="ipa dipa">pəˈlis·mən</span>/	[sound:6001-7000-cambridge-uspolec002.mp3]	a man who is a member of the police
offensive	ofensivo,ofensivamente,caráter ofensivo/que ofende,antipatia	/<span class="ipa dipa">əˈfen·sɪv</span>/	[sound:6001-7000-cambridge-eus75170.mp3]	likely to make people angry or upset
mug	caneca,assaltar	/<span class="ipa dipa">mʌɡ</span>/	[sound:6001-7000-cambridge-mug.mp3]	a large cup with straight sides, used for hot drinks
hypocrite	hipócrita		[sound:6001-7000-cambridge-hypocrite.mp3]	someone who says they have particular moral beliefs but behaves in way that shows these are not sincere
humiliate	humilhar	/<span class="ipa dipa">hjuˈmɪl·iˌeɪt</span>/	[sound:6001-7000-cambridge-humiliate.mp3]	to make someone feel stupid or ashamed
hideous	horrendo,hediondo,horrendamente	/<span class="ipa dipa">ˈhɪd·i·əs</span>/	[sound:6001-7000-cambridge-hideous.mp3]	very ugly
hairy	peludo	/<span class="ipa dipa">ˈheər·i</span>/	[sound:6001-7000-cambridge-hairy.mp3]	covered in hair
Gunn				
finals				
experiences				
d'ya				
courts				
costumes				
Chilton				
Carrie				
captured				
bolt	tranca,trinco,ferrolho,parafuso,trancar,sair correndo	/<span class="ipa dipa">boʊlt</span>/	[sound:6001-7000-cambridge-bolt.mp3]	a metal bar that you push across a door or window to lock it
bluffing				
betting				
bein				
bedtime	hora de dormir	/<span class="ipa dipa">ˈbedˌtɑɪm</span>/	[sound:6001-7000-cambridge-usbedpo008.mp3]	the time that you usually go to bed
ay				
alpha	alfa	/<span class="ipa dipa">ˈæl.fə</span>/	[sound:6001-7000-cambridge-usad6063.mp3]	the first letter of the Greek alphabet
alcoholic	alcoólico,alcoólatra	/<span class="ipa dipa">ˌæl·kəˈhɔ·lɪk</span>/	[sound:6001-7000-cambridge-alcoholic.mp3]	containing alcohol
waters				
visual	visual	/<span class="ipa dipa">ˈvɪʒ·u·əl</span>/	[sound:6001-7000-cambridge-visual.mp3]	relating to seeing
vegetable	verdura,legume	/<span class="ipa dipa">ˈvedʒ·tə·bəl</span>, <span class="ipa dipa">ˈvedʒ·ə·tə·bəl</span>/	[sound:6001-7000-cambridge-vegetable.mp3]	a plant that you eat, for example a potato, onion, etc.
Vaughn				
tray	bandeja	/<span class="ipa dipa">treɪ</span>/	[sound:6001-7000-cambridge-tray.mp3]	a flat object with higher edges, used for carrying food and drinks
Thompson				
suspicions				
sticky	pegajoso,viscoso,adesivo	/<span class="ipa dipa">ˈstɪk·i</span>/	[sound:6001-7000-cambridge-sticky.mp3]	made of or covered with a substance that can stick to other things
spreading				
splendid	esplêndido,ótimo,esplendidamente	/<span class="ipa dipa">ˈsplen·dɪd</span>/	[sound:6001-7000-cambridge-splendid.mp3]	very good or very beautiful
smiles				
shrimp	camarão	/<span class="ipa dipa">ʃrɪmp</span>/	[sound:6001-7000-cambridge-shrimp.mp3]	a small sea animal that you can eat, with a curved body and a shell. A shrimp is smaller than a prawn.
shouting	gritaria	/<span class="ipa dipa">ˈʃaʊ.t̬ɪŋ</span>/	[sound:6001-7000-cambridge-usshort007.mp3]	shouts
roots				
ransom	valor do resgate	/<span class="ipa dipa">ˈræn·səm</span>/	[sound:6001-7000-cambridge-ransom.mp3]	the money that is demanded for the return of someone who is being kept as a prisoner
pressed	dispor de pouco tempo,dinheiro,espaço,etc.		[sound:6001-7000-cambridge-uscld01124.mp3]	to be in a difficult situation because you do not have enough time, money, space, etc.
nooo				
Liza's				
jew	judeu,judia	/<span class="ipa dipa">dʒu</span>/	[sound:6001-7000-cambridge-jew.mp3]	someone whose religion is Judaism, or who is related to the ancient people of Israel
intent	decidido,empenhado,intenção	/<span class="ipa dipa">ɪnˈtent</span>/	[sound:6001-7000-cambridge-intent.mp3]	giving a lot of attention to something
grieving	enlutado,aflito	/<span class="ipa dipa">ˈɡriː.vɪŋ</span>/	[sound:6001-7000-cambridge-uscld2s051.mp3]	feeling very sad because someone has died
gladly	com boa vontade,de bom grado	/<span class="ipa dipa">ˈɡlæd·li</span>/	[sound:6001-7000-cambridge-gladly.mp3]	If you would gladly do something, you would like to do it.
Georgia				
fling	jogar,lançar,arrojar	/<span class="ipa dipa">flɪŋ</span>/	[sound:6001-7000-cambridge-fling.mp3]	to suddenly throw something
eliminate	eliminar,erradicar		[sound:6001-7000-cambridge-eus75660.mp3]	to remove or take away someone or something
disorder	distúrbio,desordem	/<span class="ipa dipa">dɪsˈɔr·dər</span>/	[sound:6001-7000-cambridge-disorder.mp3]	a disease or mental problem
Courtney's				
cocaine	cocaína	/<span class="ipa dipa">koʊ-</span>/	[sound:6001-7000-cambridge-cocaine.mp3]	a drug used in medicine to prevent pain and also used illegally, often in the form of a white powder that is breathed in through the nose
chancellor	chanceler,reitor,-ora	/<span class="ipa dipa">ˈtʃæn.s<span class="sp dsp">ə</span>l.ɚ</span>/	[sound:6001-7000-cambridge-chancellor.mp3]	a person in a position of the highest or high rank, especially in a government or university
cereal	cereal matinal,cereal	/<span class="ipa dipa">ˈsɪər·i·əl</span>/	[sound:6001-7000-cambridge-cereal.mp3]	a food that is made from grain and eaten with milk, especially in the morning
arrives				
aaah				
yum				
Tracy				
technique	técnica	/<span class="ipa dipa">tekˈnik</span>/	[sound:6001-7000-cambridge-technique.mp3]	a particular way of doing something
subway	metrô,passagem subterrânea	/<span class="ipa dipa">ˈsʌbˌweɪ</span>/	[sound:6001-7000-cambridge-subway.mp3]	a system of trains that is built under a city
strain	tensão,peso,esforço,pressão,esforçar-se ao máximo,distender	/<span class="ipa dipa">streɪn</span>/	[sound:6001-7000-cambridge-strain.mp3]	the feeling of being worried and nervous about something
statements				
sonofabitch				
servant	criado,servente,empregado,serviçal	/<span class="ipa dipa">ˈsɜr·vənt</span>/	[sound:6001-7000-cambridge-servant.mp3]	someone who works and lives in someone else’s house, especially in the past
roads				
resident	residente,morador,-ora	/<span class="ipa dipa">ˈrez·ɪ·dənt</span>/	[sound:6001-7000-cambridge-resident.mp3]	someone who lives in a particular place
republican	republicano,-a		[sound:6001-7000-cambridge-republican.mp3]	a supporter of government by elected representatives of the people rather than government by a king or queen
paralyzed	ortografia americana de “paralysed”	/<span class="ipa dipa">ˈper.<span class="sp dsp">ə</span>l.aɪzd</span>/	[sound:6001-7000-cambridge-cdo0318uspara3548.mp3]	US spelling of  paralysed 
orb	orbe	/<span class="ipa dipa">ɔːrb</span>/	[sound:6001-7000-cambridge-usopera024.mp3]	something in the shape of a ball
lotta				
locks				
Lawrence				
guaranteed				
European				
dummy	idiota,palerma,chupeta	/<span class="ipa dipa">ˈdʌm·i</span>/	[sound:6001-7000-cambridge-dummy.mp3]	a stupid person
discipline	disciplina,castigar	/<span class="ipa dipa">ˈdɪs·ə·plən</span>/,/<span class="ipa dipa">ˈdɪs·ə·plɪn</span>/	[sound:6001-7000-cambridge-discipline.mp3]	the action of controlling people’s behaviour using rules and punishments
despise	desprezar	/<span class="ipa dipa">dɪˈspɑɪz</span>/	[sound:6001-7000-cambridge-despise.mp3]	to hate someone or something and have no respect for them or it
dental	dental	/<span class="ipa dipa">ˈden·t̬<span class="sp dsp">ə</span>l</span>/	[sound:6001-7000-cambridge-dental.mp3]	relating to the teeth
corporation	corporação	/<span class="ipa dipa">ˌkɔr·pəˈreɪ·ʃən</span>/	[sound:6001-7000-cambridge-corporation.mp3]	a large company or group of companies
Clint				
cherish	amar,,valorizar,guardar		[sound:6001-7000-cambridge-cherish.mp3]	to love, protect, and care for someone or something that is important to you
carries				
briefing	briefing,instruções		[sound:6001-7000-cambridge-briefing.mp3]	information that is given to someone just before they do something, or a meeting where this happens
bluff	blefar		[sound:6001-7000-cambridge-bluff.mp3]	to deceive someone by making them think either that you are going to do something when you really have no intention of doing it, or that you have knowledge that you do not really have, or that you are someone else
batteries				
atmosphere	clima,ambiente,a atmosfera	/<span class="ipa dipa">ˈæt·məsˌfɪər</span>/	[sound:6001-7000-cambridge-atmosphere.mp3]	the feeling that exists in a place or situation
assholes				
whatta				
tux				
Trent				
sounding				
servants				
rifle	rifle,fuçar,remexer	/<span class="ipa dipa">ˈrɑɪ·fəl</span>/	[sound:6001-7000-cambridge-eus73992.mp3]	a long gun that you hold against your shoulder when you shoot
presume	presumir,conjecturar,supor	/<span class="ipa dipa">prɪˈzum</span>/	[sound:6001-7000-cambridge-presume.mp3]	to think that something is probably true, although you are not certain
mamie				
Kevin's				
Heidi				
handwriting	caligrafia,letra	/<span class="ipa dipa">ˈhændˌrɑɪ·t̬ɪŋ</span>/	[sound:6001-7000-cambridge-handwriting.mp3]	the way that someone forms letters when they write with a pen or pencil
goals				
gin	gim	/<span class="ipa dipa">dʒɪn</span>/	[sound:6001-7000-cambridge-gin.mp3]	a strong alcoholic drink that has no colour
gale	vendaval,ventania	/<span class="ipa dipa">ɡeɪl</span>/	[sound:6001-7000-cambridge-gale.mp3]	a very strong wind
fainted				
elements				
dried	passado e particípio passado de “dry”	/<span class="ipa dipa">drɑɪd</span>/	[sound:6001-7000-cambridge-dried.mp3]	past tense and past participle of dry
cape	cabo,capa		[sound:6001-7000-cambridge-cape.mp3]	a very large piece of land sticking out into the sea
allright				
allowing				
acknowledge	admitir,reconhecer,confirmar (recebimento de)	/<span class="ipa dipa">əkˈnɑ·lɪdʒ</span>/	[sound:6001-7000-cambridge-acknowledge.mp3]	to accept that something is true or exists
whiskey				
whacked	pregado,acabado,quebrado	/<span class="ipa dipa">wækt</span>/	[sound:6001-7000-cambridge-uswellw018.mp3]	very tired
toxic	tóxico	/<span class="ipa dipa">ˈtɑk·sɪk</span>/	[sound:6001-7000-cambridge-toxic.mp3]	poisonous
skating				
shepherd	pastor,-ora	/<span class="ipa dipa">ˈʃep·ərd</span>/	[sound:6001-7000-cambridge-shepherd.mp3]	someone whose job is to look after sheep
reliable	confiável,com segurança	/<span class="ipa dipa">rɪˈlɑɪ·ə·bəl</span>/	[sound:6001-7000-cambridge-reliable.mp3]	able to be trusted or believed
quicker				
penalty	multa,pênalti	/<span class="ipa dipa">ˈpen·<span class="sp dsp">ə</span>l·ti</span>/	[sound:6001-7000-cambridge-eus73474.mp3]	a punishment for doing something that is against a law or rule
panel	painel	/<span class="ipa dipa">ˈpæn·<span class="sp dsp">ə</span>l</span>/	[sound:6001-7000-cambridge-panel.mp3]	a flat piece of wood, metal, etc. that is the surface of a door, wall, etc.
overwhelming	incontrolável,esmagador,enorme	/<span class="ipa dipa">ˌoʊ.vɚ-</span>/	[sound:6001-7000-cambridge-usl30272.mp3]	difficult to fight against
nearby	perto,próximo	/<span class="ipa dipa">ˌnɪərˈbɑɪ</span>/	[sound:6001-7000-cambridge-nearby.mp3]	not far away
Mitchell				
lining	forro	/<span class="ipa dipa">ˈlɑɪ·nɪŋ</span>/	[sound:6001-7000-cambridge-lining.mp3]	a material that covers the inside of something
importance	importância	/<span class="ipa dipa">ɪmˈpɔr·t<span class="sp dsp">ə</span>ns</span>/	[sound:6001-7000-cambridge-importance.mp3]	how important someone or something is
ike				
harassing				
global	global	/<span class="ipa dipa">ˈɡloʊ·bəl</span>/	[sound:6001-7000-cambridge-global.mp3]	relating to the whole world
Fran				
fatal	mortal,fatal	/<span class="ipa dipa">ˈfeɪ·t̬<span class="sp dsp">ə</span>l</span>/	[sound:6001-7000-cambridge-fatal.mp3]	A fatal accident or illness makes someone die.
endless	interminável,sem fim,interminavelmente	/<span class="ipa dipa">ˈend·ləs</span>/	[sound:6001-7000-cambridge-endless.mp3]	never seeming to stop
elsewhere	em/para outro lugar	/<span class="ipa dipa">ˈelsˌhweər</span>/	[sound:6001-7000-cambridge-elsewhere.mp3]	in or to another place
dolls				
convict	condenar	/<span class="ipa dipa">kənˈvɪkt</span>/	[sound:6001-7000-cambridge-convict.mp3]	to decide officially in a court of law that someone has committed a crime
butler	mordomo	/<span class="ipa dipa">-lɚ</span>/	[sound:6001-7000-cambridge-butler.mp3]	the most important male servant in a house, usually responsible for organizing the other servants
bold	nítido,vivo,audaz,arrojado,atrevido,audaciosamente,atrevidamente,corajosamente,audácia,arrojo,atrevimento,impertinência	/<span class="ipa dipa">boʊld</span>/	[sound:6001-7000-cambridge-bold.mp3]	strong in colour or shape
ballet	balé	/<span class="ipa dipa">bæˈleɪ</span>/	[sound:6001-7000-cambridge-ballet.mp3]	a type of dancing that is done in a theatre and tells a story, usually with music
ñ				
whatcha				
unlikely	improvável,pouco provável	/<span class="ipa dipa">ʌnˈlɑɪk·li</span>/	[sound:6001-7000-cambridge-unlikely.mp3]	not expected to happen
spiritual	espiritual	/<span class="ipa dipa">ˈspɪr·ɪ·tʃu·əl</span>/	[sound:6001-7000-cambridge-spiritual.mp3]	relating to deep feelings and beliefs, especially religious beliefs
shutting				
separation	separação	/<span class="ipa dipa">ˌsep·əˈreɪ·ʃən</span>/	[sound:6001-7000-cambridge-eus74163.mp3]	the fact of people or things being separate
rusty	enferrujado,oxidado	/<span class="ipa dipa">ˈrʌs·ti</span>/	[sound:6001-7000-cambridge-rusty.mp3]	Rusty metal has rust (= an orange substance) on its surface.
recording	gravação	/<span class="ipa dipa">rɪˈkɔr·dɪŋ</span>/	[sound:6001-7000-cambridge-recording.mp3]	sounds or moving pictures that have been recorded, or the process of recording
positively	com otimismo	/<span class="ipa dipa">ˈpɑ·zə·t̬ɪv·li</span>/	[sound:6001-7000-cambridge-positively.mp3]	in a good way that makes you feel happier
overcome	superar,vencer	/<span class="ipa dipa">ˌoʊ·vərˈkʌm</span>/	[sound:6001-7000-cambridge-eus75398.mp3]	to deal with and control a problem or feeling
mount	aumentar	/<span class="ipa dipa">mɑʊnt</span>/	[sound:6001-7000-cambridge-mount.mp3]	to increase in amount or level
Michel				
method	método	/<span class="ipa dipa">ˈmeθ·əd</span>/	[sound:6001-7000-cambridge-method.mp3]	a way of doing something, often one that involves a system or plan
manual	manual,manualmente,à mão	/<span class="ipa dipa">ˈmæn·ju·əl</span>/	[sound:6001-7000-cambridge-manual.mp3]	using your hands
helmet	capacete	/<span class="ipa dipa">ˈhel·mət</span>/	[sound:6001-7000-cambridge-helmet.mp3]	a hard hat that protects your head
goddam				
failing	ponto fraco,debilitado,falido,fracassado		[sound:6001-7000-cambridge-failing.mp3]	a fault or weakness
essence	essência,ponto fundamental	/<span class="ipa dipa">ˈes·əns</span>/	[sound:6001-7000-cambridge-essence.mp3]	the basic or most important idea or quality of something
dose	dose	/<span class="ipa dipa">doʊs</span>/	[sound:6001-7000-cambridge-dose.mp3]	a measured amount of medicine that is taken
diagnosis	diagnóstico	/<span class="ipa dipa">ˌdɑɪ·əɡˈnoʊ·sɪs</span>/	[sound:6001-7000-cambridge-diagnosis.mp3]	a doctor’s opinion of what is wrong with someone who is sick
cured				
claiming				
bully	intimidar,tiranizar,ameaçar,ato de intimidar/ameaçar (principalmente na escola),agressor,-ora	/<span class="ipa dipa">ˈbʊl·i</span>/	[sound:6001-7000-cambridge-bully.mp3]	to try to frighten someone who is smaller or weaker
airline	companhia de aviação,linha aérea	/<span class="ipa dipa">ˈeərˌlɑɪn</span>/	[sound:6001-7000-cambridge-usairfa007.mp3]	a company that takes people and things to places in planes
ahold				
yearbook	anuário do colégio,anuário	/<span class="ipa dipa">ˈjɪr-</span>/	[sound:6001-7000-cambridge-uswwi__028.mp3]	a book published every year by a school, that gives information about the events and achievements of the previous year, and has pictures of the students
various	vários,diversos	/<span class="ipa dipa">ˈveər·i·əs</span>/	[sound:6001-7000-cambridge-various.mp3]	many different
triangle	triângulo,esquadro,triangular	/<span class="ipa dipa">ˈtrɑɪˌæŋ·ɡəl</span>/	[sound:6001-7000-cambridge-triangle.mp3]	a flat shape with three sides
tempting	tentador	/<span class="ipa dipa">ˈtemp·tɪŋ</span>/	[sound:6001-7000-cambridge-tempting.mp3]	Something that is tempting makes you want to have or do it.
shelf	estante,prateleira	/<span class="ipa dipa">ʃelf</span>/	[sound:6001-7000-cambridge-shelf.mp3]	a board used to put things on, often attached to a wall
Shawna				
rig	fraudar,armar,equipar,plataforma petrolífera,perfuratriz		[sound:6001-7000-cambridge-rig.mp3]	to arrange dishonestly for the result of something, for example an election, to be changed
pursuit	perseguição	/<span class="ipa dipa">pərˈsut</span>/	[sound:6001-7000-cambridge-pursuit.mp3]	the act of following someone or something to try to catch them
prosecution	processo criminal	/<span class="ipa dipa">ˌprɑ·səˈkju·ʃən</span>/	[sound:6001-7000-cambridge-prosecution.mp3]	the process of prosecuting someone
pouring				
possessed	possuir algo,possuído,endemoniado		[sound:6001-7000-cambridge-usporte020.mp3]	to own something or have something as a quality
partnership	parceria,participação	/<span class="ipa dipa">ˈpɑrt·nərˌʃɪp</span>/	[sound:6001-7000-cambridge-partnership.mp3]	a situation in which two people or organizations work together to achieve something
november	novembro	/<span class="ipa dipa">noʊˈvem·bər</span>/	[sound:6001-7000-cambridge-november.mp3]	the eleventh month of the year
Miguel's				
Lorenzo				
Lindsay'				
humble	humilde,humildemente	/<span class="ipa dipa">ˈhʌm·bəl</span>/	[sound:6001-7000-cambridge-humble.mp3]	not proud, or not believing that you are important
greedy	ávido,guloso,avarento,avidamente,gulosamente,avareza,gula,avidez	/<span class="ipa dipa">ˈɡri·di</span>/	[sound:6001-7000-cambridge-greedy.mp3]	wanting a lot more food, money, etc. than you need
countries				
wonders				
tsk				
thorough	completo,minucioso,perfeito	/<span class="ipa dipa">ˈθɜr·oʊ</span>, <span class="ipa dipa">ˈθʌr·oʊ</span>/	[sound:6001-7000-cambridge-thorough.mp3]	careful and covering every detail
spine	coluna vertebral	/<span class="ipa dipa">spɑɪn</span>/	[sound:6001-7000-cambridge-spine.mp3]	a long line of bones in a person’s or animal’s back
shotgun	espingarda	/<span class="ipa dipa">ˈʃɑːt-</span>/	[sound:6001-7000-cambridge-usshort005.mp3]	a long gun that fires a large number of small metal bullets at one time, designed for shooting birds and animals
reckless	imprudente,negligente,descuidado,temerário,imprudentemente,negligentemente	/<span class="ipa dipa">ˈrek·ləs</span>/	[sound:6001-7000-cambridge-reckless.mp3]	doing something dangerous and not caring about what might happen
Rath				
railroad				
psychiatric	psiquiátrico	/<span class="ipa dipa">ˌsɑɪ·kiˈæt·rɪk</span>/	[sound:6001-7000-cambridge-psychiatric.mp3]	relating to psychiatry
na				
meaningless	sem sentido		[sound:6001-7000-cambridge-meaningless.mp3]	having no meaning
latte				
Kong				
jammed	travado,trancado,lotado	/<span class="ipa dipa">dʒæmd</span>/	[sound:6001-7000-cambridge-jammed.mp3]	unable to move
ignored				
fiance	noivo	/<span class="ipa dipa">ˌfi·ɑnˈseɪ</span>, <span class="ipa dipa">fiˈɑn·seɪ</span>/	[sound:6001-7000-cambridge-fiance.mp3]	Your fiancé is the man that you are going to marry.
exposure	exposição,revelação,destaque,exposição prolongada ao frio,foto	/<span class="ipa dipa">-ˈspoʊ.ʒɚ</span>/	[sound:6001-7000-cambridge-exposure.mp3]	the fact of experiencing something or being affected by it because of being in a particular situation or place
exhibit	exposição,objeto em exposição,expor,exibir	/<span class="ipa dipa">ɪɡˈzɪb·ɪt</span>/,/<span class="ipa dipa">ɪɡˈzɪb·ət</span>/	[sound:6001-7000-cambridge-exhibit.mp3]	a special collection of things that is shown to the public
evidently	evidentemente	/<span class="ipa dipa">ˈev·ɪ·dənt·li</span>, <span class="ipa dipa">ˈev·ɪˌdent·li</span>/	[sound:6001-7000-cambridge-evidently.mp3]	in a way that is easy to see
duties				
contempt	desprezo,desdém	/<span class="ipa dipa">kənˈtempt</span>/	[sound:6001-7000-cambridge-contempt.mp3]	a strong feeling that you do not respect someone or something
compromised				
capacity	capacidade,aptidão,competência	/<span class="ipa dipa">kəˈpæs·ə·t̬i</span>/	[sound:6001-7000-cambridge-eus70693.mp3]	the largest amount that a container or building can hold
cans				
weekends				
urge	instar alguém a fazer algo,pedir com insistência que alguém faça algo,insistir que alguém faça algo,ímpeto,impulso,anseio,ânsia	/<span class="ipa dipa">ɜrdʒ</span>/	[sound:6001-7000-cambridge-urge.mp3]	to try to persuade someone to do something
thunder	trovão,trovejar	/<span class="ipa dipa">ˈθʌn·dər</span>/,/<span class="ipa dipa">ˈθʌn.dər</span>/	[sound:6001-7000-cambridge-thunder.mp3]	the loud noise in the sky that you hear during a storm
theft	furto	/<span class="ipa dipa">θeft</span>/	[sound:6001-7000-cambridge-theft.mp3]	the action or crime of stealing something
Sykes				
suing				
shipment	embarque		[sound:6001-7000-cambridge-shipment.mp3]	a large amount of goods sent together to a place, or the act of sending them
scissors	tesoura	/<span class="ipa dipa">ˈsɪz·ərz</span>/	[sound:6001-7000-cambridge-scissors.mp3]	a tool for cutting paper, hair, etc. that you hold in your hand and that has two blades
responding				
refuses				
proposition	proposta,proposição,fazer uma proposta indecorosa a	/<span class="ipa dipa">ˌprɑː.pə-</span>/	[sound:6001-7000-cambridge-proposition.mp3]	an offer or suggestion, usually in business
porter	carregador,-ora de malas	/<span class="ipa dipa">ˈpɔr·t̬ər</span>/	[sound:6001-7000-cambridge-eus73653.mp3]	someone whose job is to carry other people’s bags in hotels, stations, etc.
noises				
matching	combinando		[sound:6001-7000-cambridge-uscld00867.mp3]	having the same colour or pattern as something else
marine	marinho,fuzileiro naval		[sound:6001-7000-cambridge-eus72911.mp3]	related to the sea or sea transport
Mack				
Lulu				
located				
leon				
legacy	herança,legado		[sound:6001-7000-cambridge-legacy.mp3]	money or property that you receive from someone after they die
ink	tinta	/<span class="ipa dipa">ɪŋk</span>/	[sound:6001-7000-cambridge-ink.mp3]	a coloured liquid that you use for writing, printing, or drawing
hormones				
HIV				
hail	granizo,chuva de pedra,chover granizo	/<span class="ipa dipa">heɪl</span>/	[sound:6001-7000-cambridge-hail.mp3]	small, hard balls of ice that fall from the sky like rain
grandchildren				
godfather	padrinho	/<span class="ipa dipa">ˈɡɑdˌfɑ·ðər</span>/	[sound:6001-7000-cambridge-usb03169.mp3]	a man who is responsible for the moral and religious development of another person’s child
gently				
establish	fundar,estabelecer	/<span class="ipa dipa">ɪˈstæb·lɪʃ</span>/	[sound:6001-7000-cambridge-eus71656.mp3]	to start a company or organization that will continue for a long time
eastern	do leste,oriental	/<span class="ipa dipa">ˈi·stərn</span>/	[sound:6001-7000-cambridge-eastern.mp3]	in or from the east part of an area
darryl				
crane's				
contracts				
compound	composto	/<span class="ipa dipa">ˈkɑmˌpɑʊnd</span>/	[sound:6001-7000-cambridge-compound.mp3]	consisting of two or more parts
Buffy's				
worldwide	mundial,por todo o mundo	/<span class="ipa dipa">ˌwɜrldˈwɑɪd</span>/	[sound:6001-7000-cambridge-eus75033.mp3]	in all parts of the world
smashed				
sexually	sexualmente	/<span class="ipa dipa">ˈsek·ʃu·ə·li</span>/	[sound:6001-7000-cambridge-sexually.mp3]	in a way that relates to the activity of sex
sentimental	sentimental,sentimentalismo	/<span class="ipa dipa">ˌsen·t̬əˈmen·t̬<span class="sp dsp">ə</span>l</span>/	[sound:6001-7000-cambridge-eus74158.mp3]	showing feelings such as sympathy, love, etc., especially in a silly way
senor				
scored				
patient's				
nicest				
marketing	marketing,compras	/<span class="ipa dipa">ˈmɑːr.kɪ.t̬ɪŋ</span>/	[sound:6001-7000-cambridge-marketing.mp3]	a job that involves encouraging people to buy a product or service
manipulated				
jaw	mandíbula,maxilar,cair o queixo de alguém	/<span class="ipa dipa">dʒɔ</span>/	[sound:6001-7000-cambridge-jaw.mp3]	either of the two bones in your mouth that contain your teeth
intern	internar,médico,-a residente,estagiário,-a	/<span class="ipa dipa">-ˈtɝːn</span>/,/<span class="ipa dipa">-tɝːn</span>/	[sound:6001-7000-cambridge-intern.mp3]	to put someone in prison for political or military reasons, especially during a war
handcuffs	algemas	/<span class="ipa dipa">ˈhændˌkʌfs</span>/	[sound:6001-7000-cambridge-handcuffs.mp3]	two metal rings joined by a chain that are used for holding a prisoner’s hands together
Freddy				
framed				
errands				
entertaining	interessante,divertido	/<span class="ipa dipa">ˌen·t̬ərˈteɪ·nɪŋ</span>/	[sound:6001-7000-cambridge-entertaining.mp3]	interesting and helping someone to have an enjoyable time
discovery	descoberta	/<span class="ipa dipa">dɪˈskʌv·ər·i</span>/	[sound:6001-7000-cambridge-discovery.mp3]	finding something or someone for the first time
crib	berço	/<span class="ipa dipa">krɪb</span>/	[sound:6001-7000-cambridge-crib.mp3]	a bed with high sides for a baby
carriage	vagão,carruagem	/<span class="ipa dipa">ˈkær·ɪdʒ</span>/	[sound:6001-7000-cambridge-carriage.mp3]	one of the separate parts of a train where the people sit
barge	barcaça	/<span class="ipa dipa">bɑrdʒ</span>/	[sound:6001-7000-cambridge-barge.mp3]	a long, narrow boat with a flat bottom that is used to carry things
awards				
attending				
ambassador	embaixador,-ora	/<span class="ipa dipa">æmˈbæs·ə·dər</span>/	[sound:6001-7000-cambridge-ambassador.mp3]	an important person who officially represents his or her country in a different country
videos				
Thelma				
tab	aba,aro,cigarro,a conta		[sound:6001-7000-cambridge-tab.mp3]	a small piece of paper, metal, etc. that is attached to something larger and is used for giving information, fastening, opening, etc.
spends				
slipping				
seated	sentado	/<span class="ipa dipa">ˈsiː.t̬ɪd</span>/	[sound:6001-7000-cambridge-usseals017.mp3]	sitting
rubbing				
rely				
reject	rejeitar	/<span class="ipa dipa">rɪˈdʒekt</span>/	[sound:6001-7000-cambridge-reject.mp3]	to refuse to accept or agree with something
recommendation	recomendação	/<span class="ipa dipa">ˌrek·ə·mənˈdeɪ·ʃən</span>/	[sound:6001-7000-cambridge-recommendation.mp3]	a suggestion or advice that someone or something is good, right, or suitable for a particular purpose
reckon	pensar,crer,avaliar	/<span class="ipa dipa">ˈrek·ən</span>/	[sound:6001-7000-cambridge-reckon.mp3]	to think that something is probably true
ratings				
Pam				
McManus				
Klinger				
headaches				
Gil				
float	boiar,flutuar	/<span class="ipa dipa">floʊt</span>/	[sound:6001-7000-cambridge-float.mp3]	to stay on the surface of a liquid and not go under
embrace	abraçar,abraço	/<span class="ipa dipa">ɪmˈbreɪs</span>/	[sound:6001-7000-cambridge-eus75666.mp3]	to put your arms around someone
corners				
whining				
wa	forma abreviada de “Washington”			written abbreviation for the US state of Washington: used in addresses
turner				
sweating				
sole	único,planta do pé,sola	/<span class="ipa dipa">soʊl</span>/	[sound:6001-7000-cambridge-sole.mp3]	only
skipped				
rolf				
restore	restaurar	/<span class="ipa dipa">rɪˈstɔr</span>/	[sound:6001-7000-cambridge-restore.mp3]	to repair something old
receiving				
population	população	/<span class="ipa dipa">ˌpɑ·pjəˈleɪ·ʃən</span>/	[sound:6001-7000-cambridge-population.mp3]	the number of people living in a particular area
pep	PPE,profilaxia pós-exposição			abbreviation for post-exposure prophylaxis: treatment or actions taken to prevent harmful effects of a disease after someone has been exposed to (= risked infection by) the disease
olive	azeitona	/<span class="ipa dipa">ˈɑ·lɪv</span>/	[sound:6001-7000-cambridge-eus75196.mp3]	a small, green or black fruit that is eaten or used to produce oil
mountie	agente da Real Polícia Montada do Canadá	/<span class="ipa dipa">ˈmaʊn.t̬i</span>/	[sound:6001-7000-cambridge-eus73101.mp3]	a member of the Royal Canadian Mounted Police
motives				
mama's				
listens				
Korean				
jeep	jipe	/<span class="ipa dipa">dʒip</span>/	[sound:6001-7000-cambridge-jeep.mp3]	a brand name for a type of strong car with big wheels that is used for driving over rough ground
Hudson				
heroes				
heart's				
Cristobel				
controls				
cleaner	faxineiro,-a	/<span class="ipa dipa">ˈkli·nər</span>/	[sound:6001-7000-cambridge-cleaner.mp3]	someone whose job is to clean houses, offices, and other places
cheerleader	animador,-ora	/<span class="ipa dipa">ˈtʃɪrˌliː.dɚ</span>/	[sound:6001-7000-cambridge-cheerleader.mp3]	(especially in America) a person, usually a woman or girl, who leads the crowd in shouting encouragement and supporting a team at a sports event
Balsom				
au				
wooden	de madeira,de pau	/<span class="ipa dipa">ˈwʊd·<span class="sp dsp">ə</span>n</span>/	[sound:6001-7000-cambridge-wooden.mp3]	made of wood
unnecessary	desnecessário	/<span class="ipa dipa">ʌnˈnes·əˌser·i</span>/	[sound:6001-7000-cambridge-unnecessary.mp3]	not needed
stunning	maravilhoso,estonteante	/<span class="ipa dipa">ˈstʌn·ɪŋ</span>/	[sound:6001-7000-cambridge-stunning.mp3]	very beautiful
slim	magro,esbelto,emagrecer	/<span class="ipa dipa">slɪm</span>/	[sound:6001-7000-cambridge-slim.mp3]	Someone who is slim is thin in an attractive way.
shipping	navios,navegação,transporte,embarque		[sound:6001-7000-cambridge-shipping.mp3]	ships considered as a group
scent	perfume,fragrância	/<span class="ipa dipa">sent</span>/	[sound:6001-7000-cambridge-cent.mp3]	a nice smell
santa's				
quest	busca		[sound:6001-7000-cambridge-quest.mp3]	a long search for something that is difficult to find, or an attempt to achieve something difficult
Quartermaine				
praise	elogiar,elogio	/<span class="ipa dipa">preɪz</span>/	[sound:6001-7000-cambridge-praise.mp3]	to say that someone or something is very good
pose	apresentar,fazer uma pergunta,posar,fazer pose,pose	/<span class="ipa dipa">poʊz</span>/	[sound:6001-7000-cambridge-pose.mp3]	to cause something, especially a problem or difficulty
Montega				
luxury	luxo	/<span class="ipa dipa">ˈlʌk·ʃər·i</span>, <span class="ipa dipa">ˈlʌɡ·ʒər·i</span>/	[sound:6001-7000-cambridge-luxury.mp3]	very expensive and beautiful things
loosen	soltar(-se)	/<span class="ipa dipa">ˈlu·sən</span>/	[sound:6001-7000-cambridge-loosen.mp3]	to become loose or make something loose
Kyle's				
Keri's				
Janice				
info	informação,informações	/<span class="ipa dipa">-foʊ</span>/	[sound:6001-7000-cambridge-info.mp3]	informal for  information 
hum	cantar com os lábios fechados,zunir,zumbido	/<span class="ipa dipa">hʌm</span>/	[sound:6001-7000-cambridge-hum.mp3]	to sing without opening your mouth
hottest				
haunt	assombrar,atormentar	/<span class="ipa dipa">hɔnt</span>/	[sound:6001-7000-cambridge-haunt.mp3]	If a ghost haunts a place, it appears there often.
Hastings				
gracious	amável,amavelmente	/<span class="ipa dipa">ˈɡreɪ·ʃəs</span>/	[sound:6001-7000-cambridge-gracious.mp3]	behaving in a pleasant and polite way
git	canalha	/<span class="ipa dipa">ɡɪt</span>/	[sound:6001-7000-cambridge-cald4us1002.mp3]	a person, especially a man, who is stupid or unpleasant
forgiving				
fleet	frota,esquadra	/<span class="ipa dipa">flit</span>/	[sound:6001-7000-cambridge-fleet.mp3]	a group of ships
errand	serviço,incumbência,compra	/<span class="ipa dipa">ˈer·ənd</span>/	[sound:6001-7000-cambridge-errand.mp3]	a short journey to a place such as a shop to buy or do something for yourself or someone else
emperor	imperador	/<span class="ipa dipa">ˈem·pər·ər</span>/	[sound:6001-7000-cambridge-emperor.mp3]	a male ruler of an empire (= a group of countries that is ruled by one person or government)
Doris				
cakes				
blames				
Beverly				
abortion	aborto	/<span class="ipa dipa">əˈbɔr·ʃən</span>/	[sound:6001-7000-cambridge-abortion.mp3]	a medical operation to end a pregnancy
worship	adorar,venerar,cultuar,culto	/<span class="ipa dipa">ˈwɜr·ʃɪp</span>/	[sound:6001-7000-cambridge-worship.mp3]	to show respect for a god by saying prayers
theories				
strict	rígido,severo,austero,rigoroso	/<span class="ipa dipa">strɪkt</span>/	[sound:6001-7000-cambridge-strict.mp3]	A strict person makes sure that children or people working for them behave well, and does not allow them to break any rules.
sketch	esboço,esboçar	/<span class="ipa dipa">sketʃ</span>/	[sound:6001-7000-cambridge-sketch.mp3]	a simple picture that you draw quickly
shifts				
Sebastian				
plotting				
physician	médico,-a		[sound:6001-7000-cambridge-physician.mp3]	a medical doctor, especially one who has general skill and is not a surgeon
perimeter	perímetro	/<span class="ipa dipa">-ˈrɪm.ə.t̬ɚ</span>/	[sound:6001-7000-cambridge-eus73503.mp3]	the outer edge of an area of land or the border around it
passage	passagem	/<span class="ipa dipa">ˈpæs·ɪdʒ</span>/	[sound:6001-7000-cambridge-passage.mp3]	a long, thin space that connects one place to another
pals				
Mick				
mere	mero,simples,não mais do que	/<span class="ipa dipa">mɪər</span>/	[sound:6001-7000-cambridge-mere.mp3]	used to emphasize that something is not large or important
meg	megabyte	/<span class="ipa dipa">meɡ</span>/	[sound:6001-7000-cambridge-usa31293.mp3]	informal for megabyte: used when talking about how much information a computer can store
mattered				
Lonigan				
longest				
jews				
interference	intromissão,interferência	/<span class="ipa dipa">ˌɪn·t̬ərˈfɪər·əns</span>/	[sound:6001-7000-cambridge-eus72502.mp3]	attempts to interfere in a situation
Hong				
Hamilton				
grease	graxa,gordura	/<span class="ipa dipa">ɡris</span>/	[sound:6001-7000-cambridge-grease.mp3]	a substance such as oil or fat
Gavin				
eyewitness	testemunha		[sound:6001-7000-cambridge-eyewitness.mp3]	a person who saw something happen, for example, a crime or an accident
enthusiasm	entusiasmo	/<span class="ipa dipa">ɪnˈθu·ziˌæz·əm</span>/	[sound:6001-7000-cambridge-eus71572.mp3]	a feeling of interest and excitement about something
encounter	encontrar,deparar-se com	/<span class="ipa dipa">ɪnˈkɑʊn·t̬ər</span>/	[sound:6001-7000-cambridge-eus71529.mp3]	to experience something unpleasant
diapers				
Craig's				
artists				
Alec				
strongest				
shaken	particípio passado de “shake”	/<span class="ipa dipa">ˈʃeɪ·kən</span>/	[sound:6001-7000-cambridge-shaken.mp3]	past participle of shake
serves				
punched				
projects				
portal	portal	/<span class="ipa dipa">ˈpɔːr.t̬<span class="sp dsp">ə</span>l</span>/	[sound:6001-7000-cambridge-portal.mp3]	a page on the internet that allows people to get useful information, such as news and weather, and to find other websites
outer	externo	/<span class="ipa dipa">ˈɑʊ·t̬ər</span>/	[sound:6001-7000-cambridge-eus75341.mp3]	on the edge or surface of something
nazi	nazista		[sound:6001-7000-cambridge-nazi.mp3]	a member of the National Socialist (German Workers’) Party, led by Adolf Hitler, which controlled Germany from 1933 to 1945
Monte				
jewels				
Hal's				
concrete	concreto,concretar,cobrir com concreto	/<span class="ipa dipa">ˈkɑn·krit</span>/	[sound:6001-7000-cambridge-concrete.mp3]	a wet mixture that is used in building and that becomes hard when it dries
Columbia				
colleagues				
catches				
carrot	cenoura	/<span class="ipa dipa">ˈkær·ət</span>/	[sound:6001-7000-cambridge-carat.mp3]	a long, thin, orange vegetable that grows in the ground
bearing	orientar-se,achar o rumo,desorientar-se,perder o rumo,rumo,porte,conduta	/<span class="ipa dipa">ˈber.ɪŋ</span>/	[sound:6001-7000-cambridge-bearing.mp3]	to discover your exact position
backyard	quintal	/<span class="ipa dipa">ˌbækˈjɑrd</span>/	[sound:6001-7000-cambridge-cus00136.mp3]	the area behind a house
academic	acadêmico,academicamente,-a	/<span class="ipa dipa">ˌæk·əˈdem·ɪk</span>/	[sound:6001-7000-cambridge-academic.mp3]	related to education, schools, universities, etc.
winds				
whisper	sussurrar,cochichar,falar/dizer em voz baixa,sussurro	/<span class="ipa dipa">ˈhwɪs·pər</span>/	[sound:6001-7000-cambridge-whisper.mp3]	to speak very quietly so that other people cannot hear
volume	volume,tomo	/<span class="ipa dipa">ˈvɑl·jum</span>, <span class="ipa dipa">ˈvɑl·jəm</span>/	[sound:6001-7000-cambridge-volume.mp3]	the level of sound made by a television, radio, etc.
terrorists				
Serena				
September				
sabotage	sabotar,sabotagem	/<span class="ipa dipa">ˈsæb·əˌtɑʒ</span>/	[sound:6001-7000-cambridge-sabotage.mp3]	to damage or destroy something in order to prevent an enemy from using it
pope	papa	/<span class="ipa dipa">poʊp</span>/	[sound:6001-7000-cambridge-pope.mp3]	the leader of the Roman Catholic Church
pea	ervilha	/<span class="ipa dipa">pi</span>/	[sound:6001-7000-cambridge-p.mp3]	a small, round, green seed that people eat as a vegetable
organs				
needy	carente,necessitado	/<span class="ipa dipa">ˈni·di</span>/	[sound:6001-7000-cambridge-needy.mp3]	Needy people do not have enough money.
mock	gozar de,caçoar de,zombar de	/<span class="ipa dipa">mɑk</span>/	[sound:6001-7000-cambridge-mock.mp3]	to laugh at someone in a way that is not kind
mentor	mentor,-ora,treinar	/<span class="ipa dipa">-tɔːr</span>/	[sound:6001-7000-cambridge-mentor.mp3]	a person who gives a younger or less experienced person help and advice over a period of time, especially at work or school
measures				
Marvin				
listed				
lex				
Kenyon				
January				
Illinois				
Forman				
cuff	punho,barra da calça virada,dar um tapa em	/<span class="ipa dipa">kʌf</span>/	[sound:6001-7000-cambridge-cuff.mp3]	the bottom part of a sleeve that goes around your wrist
civilization	civilização	/<span class="ipa dipa">ˌsɪv·ə·ləˈzeɪ·ʃən</span>/	[sound:6001-7000-cambridge-civilization.mp3]	the way that people live together, with laws to control their behaviour, education, and a government
Caribbean				
breeze	brisa	/<span class="ipa dipa">briz</span>/	[sound:6001-7000-cambridge-breeze.mp3]	a gentle wind
articles				
Adler				
yummy	delicioso	/<span class="ipa dipa">ˈjʌm·i</span>/	[sound:6001-7000-cambridge-yummy.mp3]	If food or drink is yummy, it tastes very good.
writes				
woof				
who'll				
Viki's				
valid	válido,validade	/<span class="ipa dipa">ˈvæl·ɪd</span>/	[sound:6001-7000-cambridge-valid.mp3]	A valid ticket or document is legally acceptable.
skipper				
sands				
rarely	raramente	/<span class="ipa dipa">ˈreər·li</span>/	[sound:6001-7000-cambridge-rarely.mp3]	not often
rabbi	rabino	/<span class="ipa dipa">ˈræb·ɑɪ</span>/	[sound:6001-7000-cambridge-rabbi.mp3]	a leader and teacher in the Jewish religion
prank	peça,pegadinha		[sound:6001-7000-cambridge-prank.mp3]	a trick that is intended to be funny but not to cause harm or damage
performing				
obnoxious	antipático,irritante,odioso,detestável	/<span class="ipa dipa">əbˈnɑk·ʃəs</span>/	[sound:6001-7000-cambridge-eus75109.mp3]	very unpleasant or rude
mates				
Jasper				
improve	melhorar	/<span class="ipa dipa">ɪmˈpruv</span>/	[sound:6001-7000-cambridge-improve.mp3]	to get better or to make something better
ii				
hereby	pelo presente	/<span class="ipa dipa">ˌhɪr-</span>/	[sound:6001-7000-cambridge-hereby.mp3]	with these words or with this action
gabby				
faked				
Electra				
cheeks				
cellar	porão	/<span class="ipa dipa">ˈsel·ər</span>/	[sound:6001-7000-cambridge-eus70745.mp3]	a room under the floor of a building
Broadway				
whitelighter				
void	vazio,inválido,desprovido de algo,invalidar		[sound:6001-7000-cambridge-void.mp3]	a large hole or empty space
trucks				
tomato	tomate	/<span class="ipa dipa">təˈmeɪ·t̬oʊ</span>/	[sound:6001-7000-cambridge-usb03206.mp3]	a soft, round, red fruit eaten in salads or as a vegetable
substance	substância	/<span class="ipa dipa">ˈsʌb·stəns</span>/	[sound:6001-7000-cambridge-substance.mp3]	a solid, liquid, or gas
strangle	estrangular	/<span class="ipa dipa">ˈstræŋ·ɡəl</span>/	[sound:6001-7000-cambridge-strangle.mp3]	to kill someone by pressing their throat
sour	azedo,acidez,azedume	/<span class="ipa dipa">sɑʊər</span>/	[sound:6001-7000-cambridge-sour.mp3]	having a sharp taste like a lemon, and not sweet
skill	habilidade,destreza	/<span class="ipa dipa">skɪl</span>/	[sound:6001-7000-cambridge-skill.mp3]	the ability to do an activity or job well, especially because you have done it many times
senate				
purchase	comprar,adquirir,compra	/<span class="ipa dipa">ˈpɜr·tʃəs</span>/	[sound:6001-7000-cambridge-purchase.mp3]	to buy something
native	nativo,natal,natural	/<span class="ipa dipa">ˈneɪ·t̬ɪv</span>/	[sound:6001-7000-cambridge-native.mp3]	Your native town or country is the place where you were born.
muffins				
maximum	máximo	/<span class="ipa dipa">ˈmæk·sə·məm</span>/	[sound:6001-7000-cambridge-maximum.mp3]	The maximum amount of something is the largest amount that is allowed or possible.
interfering	intrometido	/<span class="ipa dipa">ˌɪn.t̬ɚˈfɪr.ɪŋ</span>/	[sound:6001-7000-cambridge-usintel026.mp3]	An interfering person gets involved in other people’s lives in an unwanted and annoying way.
hoh				
Gina's				
fiction	ficção	/<span class="ipa dipa">ˈfɪk·ʃən</span>/	[sound:6001-7000-cambridge-fiction.mp3]	books and stories about imaginary people and events
exotic	exótico	/<span class="ipa dipa">ɪɡˈzɑ·t̬ɪk</span>/	[sound:6001-7000-cambridge-exotic.mp3]	unusual, interesting, and often foreign
demonic				
colored	ortografia americana de “coloured”	/<span class="ipa dipa">-ɚd</span>/	[sound:6001-7000-cambridge-colored.mp3]	US spelling of  coloured 
clearing	clareira	/<span class="ipa dipa">ˈklɪr.ɪŋ</span>/	[sound:6001-7000-cambridge-clearing.mp3]	an area in a wood or forest from which trees and bushes have been removed
civilian	civil	/<span class="ipa dipa">səˈvɪl·jən</span>/	[sound:6001-7000-cambridge-civilian.mp3]	someone who is not a member of a military organization or the police
Calvin				
Burke				
buildings				
brooks				
boutique	butique		[sound:6001-7000-cambridge-boutique.mp3]	a small shop that sells fashionable clothes, shoes, jewellery, etc.
Barrington				
winters				
trading	comércio,comércio de títulos,negociações em bolsa		[sound:6001-7000-cambridge-ustrade003.mp3]	the activity of buying and selling goods and/or services
terrace	terraço,varanda,uma fileira de casas	/<span class="ipa dipa">ˈter·əs</span>/	[sound:6001-7000-cambridge-terrace.mp3]	a flat area outside a house, restaurant, etc. where you can sit
Suzanne				
speaker	alto-falante,orador,-ora,falante	/<span class="ipa dipa">ˈspi·kər</span>/	[sound:6001-7000-cambridge-speaker.mp3]	the part of a radio, music player, etc. that the sound comes out of
smoked	fumê,defumado	/<span class="ipa dipa">smoʊkt</span>/	[sound:6001-7000-cambridge-usslutt029.mp3]	Smoked glass or a smoked window has been made darker, as if by smoke.
skiing				
seed	semente	/<span class="ipa dipa">sid</span>/	[sound:6001-7000-cambridge-cede.mp3]	a small round thing that a new plant can grow from
righty				
relations				
quack	som feito pelo pato,grasnar	/<span class="ipa dipa">kwæk</span>/	[sound:6001-7000-cambridge-quack.mp3]	the sound made by a duck (= a water bird)
published				
preliminary	preliminar,preâmbulo	/<span class="ipa dipa">-ə.ner-</span>/	[sound:6001-7000-cambridge-preliminary.mp3]	coming before a more important action or event, especially introducing or preparing for it
Petey				
pact	pacto	/<span class="ipa dipa">pækt</span>/	[sound:6001-7000-cambridge-packed.mp3]	a formal agreement between two people or groups of people
outstanding	destacado,excepcional	/<span class="ipa dipa">ˌɑʊtˈstæn·dɪŋ</span>/	[sound:6001-7000-cambridge-eus75381.mp3]	excellent and much better than most
opinions				
Nevada				
knot	nó,dar nó em	/<span class="ipa dipa">nɑt</span>/	[sound:6001-7000-cambridge-knot.mp3]	a place where pieces of string, rope, etc. have been tied together
ketchup	catchup,molho de tomate condimentado	/<span class="ipa dipa">ˈketʃ·əp</span>/	[sound:6001-7000-cambridge-eus72673.mp3]	a cold, red sauce made from tomatoes
items				
examined				
disappearing				
Cordy				
coin	moeda	/<span class="ipa dipa">kɔɪn</span>/	[sound:6001-7000-cambridge-coin.mp3]	a flat, round piece of metal used as money
circuit	volta,circuito	/<span class="ipa dipa">ˈsɝː-</span>/	[sound:6001-7000-cambridge-circuit.mp3]	something shaped approximately like a circle, especially a route, path, or sports track that starts and ends in the same place
Barrett				
assist	ajudar,auxiliar,assistir	/<span class="ipa dipa">əˈsɪst</span>/	[sound:6001-7000-cambridge-assist.mp3]	to help
administration	administração,gestão	/<span class="ipa dipa">ədˌmɪn·əˈstreɪ·ʃən</span>/	[sound:6001-7000-cambridge-administration.mp3]	the things that you have to do to manage the work of an organization
Walt				
violet	violeta	/<span class="ipa dipa">ˈvɑɪ·ə·lət</span>/	[sound:6001-7000-cambridge-eus74860.mp3]	a small plant with a small, purple flower
uptight	tenso		[sound:6001-7000-cambridge-uptight.mp3]	worried or nervous and not able to relax
Travis				
ticking				
terrifying	apavorante	/<span class="ipa dipa">ˈter.əˌfɑɪ·ɪŋ</span>/	[sound:6001-7000-cambridge-terrifying.mp3]	very frightening
tease	tirar sarro de	/<span class="ipa dipa">tiz</span>/	[sound:6001-7000-cambridge-tease.mp3]	to laugh at someone or say bad things to them
Tabitha's				
Syd				
swamp	pântano,charco	/<span class="ipa dipa">swɑmp</span>/	[sound:6001-7000-cambridge-swamp.mp3]	an area of very wet, soft land
secretly				
rejection	rejeição,recusa	/<span class="ipa dipa">rɪˈdʒek·ʃən</span>/	[sound:6001-7000-cambridge-uszzzzd101.mp3]	the act of refusing to accept or agree with something
reflection	reflexo,um reflexo de algo	/<span class="ipa dipa">rɪˈflek·ʃən</span>/	[sound:6001-7000-cambridge-reflection.mp3]	the image of something in a mirror, on a shiny surface, etc.
realizing				
rays				
Pennsylvania				
partly	parcialmente,em parte	/<span class="ipa dipa">ˈpɑrt·li</span>/	[sound:6001-7000-cambridge-partly.mp3]	to some degree but not completely
October				
mentally				
Marone				
jurisdiction	jurisdição	/<span class="ipa dipa">ˌdʒʊr.ɪs-</span>/	[sound:6001-7000-cambridge-jurisdiction.mp3]	the authority of a court or official organization to make decisions and judgments
Frasier's				
doubted				
deception	engano,engodo	/<span class="ipa dipa">dɪˈsep·ʃən</span>/	[sound:6001-7000-cambridge-deception.mp3]	the act of deceiving someone by making them believe something that is not true
crucial	crucial,crucialmente	/<span class="ipa dipa">ˈkru·ʃəl</span>/	[sound:6001-7000-cambridge-crucial.mp3]	extremely important or necessary
congressman	deputado,-a federal	/<span class="ipa dipa">ˈkɑːŋ.ɡres.mən</span>/	[sound:6001-7000-cambridge-cus00470.mp3]	a man who belongs to a congress, especially a member of the US House of Representatives
cheesy	de queijo,com cheiro de queijo		[sound:6001-7000-cambridge-cheesy.mp3]	tasting like or of cheese
chambers				
bitches				
arrival	chegada,desembarque,recém-chegado,-a	/<span class="ipa dipa">əˈrɑɪ·vəl</span>/	[sound:6001-7000-cambridge-arrival.mp3]	the act of someone or something coming to a place
visited				
toto				
supporting	coadjuvante,secundário	/<span class="ipa dipa">səˈpɔːr.t̬ɪŋ</span>/	[sound:6001-7000-cambridge-ussuper110.mp3]	not the most important actor or part in a film or play
stalling				
shook	passado de “shake”	/<span class="ipa dipa">ʃʊk</span>/	[sound:6001-7000-cambridge-shook.mp3]	past tense of shake
scouts				
scoop	escavar	/<span class="ipa dipa">skup</span>/	[sound:6001-7000-cambridge-scoop.mp3]	to remove something from a container using a spoon, your curved hands, etc.
ribbon	fita	/<span class="ipa dipa">ˈrɪb·ən</span>/	[sound:6001-7000-cambridge-ribbon.mp3]	a long, thin piece of cloth that is used for decoration
reserve	reservar,reserva,de reserva	/<span class="ipa dipa">rɪˈzɜrv</span>/	[sound:6001-7000-cambridge-reserve.mp3]	to arrange to have a seat on a plane, a room in a hotel, etc.
raid	ataque,batida,atacar,dar uma batida	/<span class="ipa dipa">reɪd</span>/	[sound:6001-7000-cambridge-raid.mp3]	a sudden attack on a place by soldiers
notion	noção	/<span class="ipa dipa">ˈnoʊ·ʃən</span>/	[sound:6001-7000-cambridge-notion.mp3]	an idea or belief
Milo				
Melanie				
income	renda	/<span class="ipa dipa">ˈɪn·kʌm</span>/	[sound:6001-7000-cambridge-income.mp3]	the money that you regularly get, for example from your job
immune	imune	/<span class="ipa dipa">ɪˈmjun</span>/	[sound:6001-7000-cambridge-immune.mp3]	If you are immune to a disease, you will not get it.
hay	feno	/<span class="ipa dipa">heɪ</span>/	[sound:6001-7000-cambridge-hay.mp3]	dried grass for animals to eat
grandma's				
expects				
edition	edição	/<span class="ipa dipa">ɪˈdɪʃ·ən</span>/	[sound:6001-7000-cambridge-eus71438.mp3]	one of many books or newspapers that are the same and were made at the same time
Easter				
destined	com destino,destinado		[sound:6001-7000-cambridge-destined.mp3]	travelling or being sent to somewhere
constitution	constituição	/<span class="ipa dipa">ˌkɑːn.stɪˈtuː-</span>/	[sound:6001-7000-cambridge-eus70975.mp3]	the set of political principles by which a state or organization is governed, especially in relation to the rights of the people it governs
classroom	sala de aula	/<span class="ipa dipa">ˈklæsˌrum</span>/	[sound:6001-7000-cambridge-uscivil030.mp3]	a room in a school where students have lessons
boobs				
bets				
bathing				
appreciation	apreciação,apreço,agradecimento	/<span class="ipa dipa">əˌpri·ʃiˈeɪ·ʃən</span>/	[sound:6001-7000-cambridge-appreciation.mp3]	an understanding of how good something or someone is
appointed				
accomplice	cúmplice	/<span class="ipa dipa">-ˈkɑːm-</span>/	[sound:6001-7000-cambridge-accomplice.mp3]	a person who helps someone else to commit a crime or to do something morally wrong
Whitney's				
wander	perambular,vagar	/<span class="ipa dipa">ˈwɑn·dər</span>/	[sound:6001-7000-cambridge-wander.mp3]	to walk slowly around a place without any purpose
shoved				
sewer	esgoto	/<span class="ipa dipa">ˈsuː.ɚ</span>/	[sound:6001-7000-cambridge-sewer.mp3]	a large pipe, usually underground, that is used for carrying waste water and human waste away from buildings to a place where they can be safely got rid of
seeking				
scroll	rolar	/<span class="ipa dipa">skroʊl</span>/	[sound:6001-7000-cambridge-scroll.mp3]	to move text or an image on a computer screen so that you can look at the part that you want
retire	aposentar-se,aposentado	/<span class="ipa dipa">rɪˈtɑɪər</span>/	[sound:6001-7000-cambridge-retire.mp3]	to leave your job and stop working because you are old
peach	pêssego	/<span class="ipa dipa">pitʃ</span>/	[sound:6001-7000-cambridge-peach.mp3]	a soft, sweet, round fruit with red and yellow skin
paintings				
nude	nu	/<span class="ipa dipa">nud</span>/	[sound:6001-7000-cambridge-nude.mp3]	not wearing any clothes
lasts				
fugitive	fugitivo	/<span class="ipa dipa">-t̬ɪv</span>/	[sound:6001-7000-cambridge-eus71942.mp3]	a person who is running away or hiding from the police or a dangerous situation
freezer	freezer,congelador	/<span class="ipa dipa">ˈfri·zər</span>/	[sound:6001-7000-cambridge-freezer.mp3]	a large electric container in which food can be frozen and stored
et				
discount	desconto,descartar,não levar em conta,dar desconto em,rebaixar,descontar	/<span class="ipa dipa">ˈdɪsˌkɑʊnt</span>/,/<span class="ipa dipa">dɪˈskɑʊnt</span>/	[sound:6001-7000-cambridge-discount.mp3],[sound:6001-7000-cambridge-discount.mp3]	a reduction in the price of something
cranky	rabugento,irritadiço	/<span class="ipa dipa">ˈkræŋ.ki</span>/	[sound:6001-7000-cambridge-cranky.mp3]	easily annoyed or upset
crank	metanfetamina		[sound:6001-7000-cambridge-crank.mp3]	an illegal drug that is a form of methamphetamine
clowns				
clearance	derrubada,limpeza,liquidação,permissão,autorização	/<span class="ipa dipa">ˈklɪr.<span class="sp dsp">ə</span>ns</span>/	[sound:6001-7000-cambridge-clearance.mp3]	the process of removing waste or things you do not want from a place
buffalo	búfalo	/<span class="ipa dipa">ˈbʌf·əˌloʊ</span>/	[sound:6001-7000-cambridge-buffalo.mp3]	a large wild animal similar to a cow
bodyguard	guarda-costas,seguranças	/<span class="ipa dipa">ˈbɑː.di.ɡɑːrd</span>/	[sound:6001-7000-cambridge-usbo___026.mp3]	a person or group of people whose job is to protect someone from attack
anxiety	apreensão,inquietude,ansiedade	/<span class="ipa dipa">æŋˈzɑɪ·ɪ·t̬i</span>/	[sound:6001-7000-cambridge-anxiety.mp3]	the feeling of being very worried
accountant	contador,-ora	/<span class="ipa dipa">əˈkɑʊn·t̬<span class="sp dsp">ə</span>nt</span>/	[sound:6001-7000-cambridge-accountant.mp3]	someone whose job is keeping records of all the money that people or companies spend and earn
Abby's				
whoops				
volunteered				
terrorist	terrorista	/<span class="ipa dipa">ˈter·ər·ɪst</span>/	[sound:6001-7000-cambridge-terrorist.mp3]	someone who is involved in terrorism
tales				
talents				
stinking	fétido,fedido,desgraçado,podre	/<span class="ipa dipa">ˈstɪŋ.kɪŋ</span>/	[sound:6001-7000-cambridge-stinking.mp3]	having a very unpleasant smell
snakes				
sessions				
salmon	salmão	/<span class="ipa dipa">ˈsæm·ən</span>/	[sound:6001-7000-cambridge-salmon.mp3]	a large, silver fish, or the pink meat of this fish
resolved	resoluto,decidido	/<span class="ipa dipa">rɪˈzɑːlvd</span>/	[sound:6001-7000-cambridge-resolved.mp3]	determined
remotely	não estar nem um pouco interessado,surpreso,etc.	/<span class="ipa dipa">rɪˈmoʊt·li</span>/	[sound:6001-7000-cambridge-remotely.mp3]	not at all interested, surprised, etc.
protocol	protocolo	/<span class="ipa dipa">ˈproʊ.t̬ə.kɑːl</span>/	[sound:6001-7000-cambridge-eus75890.mp3]	the system of rules and acceptable behaviour used at official ceremonies and occasions
nickel	níquel (moeda americana ou canadense de cinco centavos)	/<span class="ipa dipa">ˈnɪk·əl</span>/	[sound:6001-7000-cambridge-nickel.mp3]	a US or Canadian coin with a value of five cents (= 5/100 of a dollar)
nana	vovó	/<span class="ipa dipa">ˈnæn.ə</span>/	[sound:6001-7000-cambridge-usmysti023.mp3]	child’s word for a grandmother
Livvie's				
jt				
garlic	alho	/<span class="ipa dipa">ˈɡɑr·lɪk</span>/	[sound:6001-7000-cambridge-garlic.mp3]	a vegetable like a small onion with a very strong taste and smell
foreman	capataz	/<span class="ipa dipa">ˈfɔr·mən</span>/	[sound:6001-7000-cambridge-foreman.mp3]	someone who leads a group of workers
decency	decência		[sound:6001-7000-cambridge-decency.mp3]	behaviour that is good, moral, and acceptable in society
cord	corda,cabo	/<span class="ipa dipa">kɔrd</span>/	[sound:6001-7000-cambridge-chord.mp3]	thick string, or a piece of this
beds				
beam	raio,feixe de luz,viga (de madeira),sorrir,estar radiante	/<span class="ipa dipa">bim</span>/	[sound:6001-7000-cambridge-beam.mp3]	a line of light that shines from something
asa's				
areas				
altogether	no total,totalmente,completamente,no geral	/<span class="ipa dipa">ˌɔl·təˈɡeð·ər</span>/	[sound:6001-7000-cambridge-altogether.mp3]	in total
uniforms				
tremendous	fantástico,fabuloso,sensacional,enorme,tremendamente,muito	/<span class="ipa dipa">trɪˈmen·dəs</span>/	[sound:6001-7000-cambridge-tremendous.mp3]	very good
summit	cume	/<span class="ipa dipa">ˈsʌm·ɪt</span>/	[sound:6001-7000-cambridge-summit.mp3]	the top of a mountain
squash	squash,abóbora,achatar,amassar,espremer	/<span class="ipa dipa">skwɑʃ</span>/	[sound:6001-7000-cambridge-squash.mp3]	a sport in which two people hit a small rubber ball against the four walls of a room
restaurants				
rank	posto,estar colocado,classificar-se	/<span class="ipa dipa">ræŋk</span>/	[sound:6001-7000-cambridge-rank.mp3]	a position in society or in an organization, for example the army
profession	profissão	/<span class="ipa dipa">prəˈfeʃ·ən</span>/	[sound:6001-7000-cambridge-profession.mp3]	a type of work that needs special training or education
popping				
Philadelphia				
peanuts				
outa				
observe	observar	/<span class="ipa dipa">əbˈzɜrv</span>/	[sound:6001-7000-cambridge-eus75120.mp3]	to watch someone or something carefully
myrtle	murta	/<span class="ipa dipa">ˈmɝː.t̬<span class="sp dsp">ə</span>l</span>/	[sound:6001-7000-cambridge-usmuscl029.mp3]	a small tree with shiny green leaves, pleasant-smelling white flowers and blue-black fruit
lung	pulmão	/<span class="ipa dipa">lʌŋ</span>/	[sound:6001-7000-cambridge-lung.mp3]	one of the two parts inside your chest that are used for breathing
largest				
hangs				
feelin				
experts				
enforcement				
encouraged				
economy	economia	/<span class="ipa dipa">ɪˈkɑ·nə·mi</span>/	[sound:6001-7000-cambridge-economy.mp3]	the system by which a country makes and uses goods and money
Duncan				
dudes				
donation	donativo,doação	/<span class="ipa dipa">doʊˈneɪ·ʃən</span>/	[sound:6001-7000-cambridge-donation.mp3]	something such as money that is given to help a person or organization
disguise	disfarce,disfarçar	/<span class="ipa dipa">dɪsˈɡɑɪz</span>/	[sound:6001-7000-cambridge-disguise.mp3]	things that you wear to change the way you look so that people cannot recognize you
diane's				
curb	meio-fio,limitar,conter,coibir	/<span class="ipa dipa">kɜrb</span>/	[sound:6001-7000-cambridge-curb.mp3]	the edge of the raised path at the side of the road
continued				
competitive	competitivo	/<span class="ipa dipa">kəmˈpet̬·ɪ·t̬ɪv</span>/	[sound:6001-7000-cambridge-eus70916.mp3]	wanting to win or be better than other people
businessman	homem de negócios	/<span class="ipa dipa">ˈbɪz.nɪs.mən</span>/	[sound:6001-7000-cambridge-businessman.mp3]	a man who works in business, especially one who has a high position in a company
bites				
balloons				
antique	antiguidade,antigo	/<span class="ipa dipa">ænˈtik</span>/	[sound:6001-7000-cambridge-antique.mp3]	an object that is old, and often rare or beautiful
advertising	publicidade	/<span class="ipa dipa">ˈæd·vərˌtɑɪ·zɪŋ</span>/	[sound:6001-7000-cambridge-advertising.mp3]	the business of persuading people to buy products or services
ads				
toothbrush	escova de dentes	/<span class="ipa dipa">ˈtuθˌbrʌʃ</span>/	[sound:6001-7000-cambridge-ustones010.mp3]	a small brush that you use to clean your teeth
Rupert				
Roxie				
retreat	retirar-se,bater em retirada,retirada	/<span class="ipa dipa">rɪˈtrit</span>/	[sound:6001-7000-cambridge-retreat.mp3]	When soldiers retreat, they move away from the enemy, especially to avoid fighting.
represents				
realistic	realista	/<span class="ipa dipa">ˌri·əˈlɪs·tɪk</span>/	[sound:6001-7000-cambridge-realistic.mp3]	showing things and people as they really are, or making them seem to be real
profits				
predict	predizer,prever	/<span class="ipa dipa">prɪˈdɪkt</span>/	[sound:6001-7000-cambridge-predict.mp3]	to say what you think will happen in the future
panties	calcinha	/<span class="ipa dipa">ˈpæn·t̬iz</span>/	[sound:6001-7000-cambridge-eus73409.mp3]	underwear that covers the bottom, worn by women and girls
Nora's				
lust	luxúria,lascívia	/<span class="ipa dipa">lʌst</span>/	[sound:6001-7000-cambridge-lust.mp3]	a strong feeling of sexual attraction to someone
lid	tampa,cobertura	/<span class="ipa dipa">lɪd</span>/	[sound:6001-7000-cambridge-lid.mp3]	the top part of a container that you can take off
Leonard				
landlord	proprietário	/<span class="ipa dipa">ˈlændˌlɔrd</span>/	[sound:6001-7000-cambridge-landlord.mp3]	a man who owns the house that you live in and who you pay rent to
Kent				
hourglass	ampulheta	/<span class="ipa dipa">ˈaʊr.ɡlæs</span>/	[sound:6001-7000-cambridge-ushoste015.mp3]	a glass container filled with sand that takes one hour to move from an upper to a lower part through a narrow opening in the middle, used especially in the past to measure time
hesitate	vacilar,titubear,hesitar,não pensar duas vezes antes de fazer algo	/<span class="ipa dipa">ˈhez·ɪˌteɪt</span>/	[sound:6001-7000-cambridge-eus72202.mp3]	to stop before you do something, especially because you are nervous or not sure
Frank's				
focusing				
equally	igualmente	/<span class="ipa dipa">ˈi·kwə·li</span>/	[sound:6001-7000-cambridge-equally.mp3]	fairly and in the same way
consolation	consolo,consolação,consolador	/<span class="ipa dipa">ˌkɑːn-</span>/	[sound:6001-7000-cambridge-consolation.mp3]	something that makes someone who is sad or disappointed feel better
champ	campeão,campeã		[sound:6001-7000-cambridge-champ_champion.mp3]	informal for  champion 
boyfriend's				
babbling				
Angie				
aged	de idade	/<span class="ipa dipa">eɪdʒd</span>/	[sound:6001-7000-cambridge-aged.mp3]	having a particular age
Virgil				
Troy's				
tipped				
stranded	preso,abandonado	/<span class="ipa dipa">ˈstræn·dɪd</span>/	[sound:6001-7000-cambridge-stranded.mp3]	not able to leave a place
smartest				
sg				
Sabrina's				
Richie				
rhythm	ritmo	/<span class="ipa dipa">ˈrɪð·əm</span>/	[sound:6001-7000-cambridge-rhythm.mp3]	a regular, repeating pattern of sound
replacement	suplente,substituto	/<span class="ipa dipa">rɪˈpleɪs·mənt</span>/	[sound:6001-7000-cambridge-eus75916.mp3]	a new thing or person in place of something or someone that was there before
repeating				
puke	vomitar,vômito		[sound:6001-7000-cambridge-puke.mp3]	to vomit
psst				
Perry				
paycheck	salário		[sound:6001-7000-cambridge-uspatho022.mp3]	the amount of money a person earns
overreacted				
mechanic	mecânico,-a	/<span class="ipa dipa">məˈkæn·ɪk</span>/	[sound:6001-7000-cambridge-eus72954.mp3]	someone whose job is to repair machines
macho	machista,machão	/<span class="ipa dipa">ˈmɑtʃ·oʊ</span>/	[sound:6001-7000-cambridge-macho.mp3]	Men who are macho emphasize their traditional male qualities, such as physical strength, and do not show emotion.
ling				
leadership	liderança	/<span class="ipa dipa">ˈli·dərˌʃɪp</span>/	[sound:6001-7000-cambridge-leadership.mp3]	the job of being in control of a group, country, or situation
Lawson				
Kendall's				
juvenile	menor de idade,jovem	/<span class="ipa dipa">ˈdʒu·və·n<span class="sp dsp">ə</span>l</span>/	[sound:6001-7000-cambridge-juvenile.mp3]	especially in law, a young person
John's				
images				
grocery	mercearia,supermercado,mantimentos,gêneros alimentícios	/<span class="ipa dipa">ˈɡroʊ.sɚ-</span>/	[sound:6001-7000-cambridge-usgrimm014.mp3]	a grocer’s
Geller				
freshen	refrescar,ficar mais frio,encher		[sound:6001-7000-cambridge-freshen.mp3]	to make something cleaner and/or cooler
Dwight				
Drucilla				
Drake				
disposal	descarte,eliminação,à disposição de alguém,triturador	/<span class="ipa dipa">dɪˈspoʊ·zəl</span>/	[sound:6001-7000-cambridge-disposal.mp3]	the act of getting rid of something
cuffs				
consent	consentimento,consentir	/<span class="ipa dipa">kənˈsent</span>/	[sound:6001-7000-cambridge-consent.mp3]	permission to do something
cartoon	desenho animado,desenho,caricatura,cartum	/<span class="ipa dipa">kɑrˈtun</span>/	[sound:6001-7000-cambridge-cartoon.mp3]	a movie made using characters that are drawn and not real
caffeine	cafeína		[sound:6001-7000-cambridge-caffeine.mp3]	a chemical, found for example in tea and coffee, that is a stimulant (= something that makes people more active)
broom	vassoura	/<span class="ipa dipa">brum</span>/	[sound:6001-7000-cambridge-broom.mp3]	a brush with a long handle used for cleaning the floor
biology	biologia	/<span class="ipa dipa">bɑɪˈɑ·lə·dʒi</span>/	[sound:6001-7000-cambridge-biology.mp3]	the study of living things
arguments				
agrees				
Abigail's				
vanished				
unfinished				
tobacco	tabaco	/<span class="ipa dipa">təˈbæk·oʊ</span>/	[sound:6001-7000-cambridge-tobacco.mp3]	dried leaves of a particular plant that are used to make cigarettes
tin	lata,estanho	/<span class="ipa dipa">tɪn</span>/	[sound:6001-7000-cambridge-tin.mp3]	a metal container in which food is sold
tasty	saboroso,gostoso	/<span class="ipa dipa">ˈteɪ·sti</span>/	[sound:6001-7000-cambridge-tasty.mp3]	Food that is tasty has a good flavour and is nice to eat.
syndrome	síndrome	/<span class="ipa dipa">-droʊm</span>/	[sound:6001-7000-cambridge-syndrome.mp3]	a combination of medical problems that shows the existence of a particular disease or mental condition
stack	pilha,empilhar,amontoar	/<span class="ipa dipa">stæk</span>/	[sound:6001-7000-cambridge-stack.mp3]	a neat pile of things
sells				
ripping				
pinch	apertar,beliscar,pegar,roubar,pitada,passar um aperto	/<span class="ipa dipa">pɪntʃ</span>/	[sound:6001-7000-cambridge-pinch.mp3]	to press someone’s skin between your thumb and finger, sometimes causing pain
Phoenix				
missiles				
isolated	isolado	/<span class="ipa dipa">ˈɑɪ·səˌleɪ·t̬ɪd</span>/	[sound:6001-7000-cambridge-isolated.mp3]	a long way from other places
flattering	atraente,que favorece	/<span class="ipa dipa">ˈflæt̬·ər·ɪŋ</span>/	[sound:6001-7000-cambridge-flattering.mp3]	making you look more attractive than usual
expenses				
dinners				
cos	porque	/<span class="ipa dipa">kəz</span>/	[sound:6001-7000-cambridge-eus71025.mp3]	not standard for because
colleague	colega	/<span class="ipa dipa">ˈkɑ·liɡ</span>/	[sound:6001-7000-cambridge-colleague.mp3]	someone that you work with
ciao				
buh				
Belthazor				
Belle's				
attorneys				
Amber's				
woulda				
whereabouts	paradeiro,em que parte,onde	/<span class="ipa dipa">ˈwer.ə-</span>/,/<span class="ipa dipa">ˌwer.ə-</span>/	[sound:6001-7000-cambridge-whereabouts.mp3]	the place where a person or thing is
wars				
waitin				
visits				
truce	trégua		[sound:6001-7000-cambridge-truce.mp3]	a short interruption in a war or argument, or an agreement to stop fighting or arguing for a period of time
tripped				
tee	tee	/<span class="ipa dipa">ti</span>/	[sound:6001-7000-cambridge-t.mp3]	a small stick that is used for holding a golf ball
tasted				
Stu				
steer	virar o volante,fazer curva	/<span class="ipa dipa">stɪər</span>/	[sound:6001-7000-cambridge-steer.mp3]	to control the direction of a car, boat, etc.
ruling	decisão oficial,no poder,reinante,dominante		[sound:6001-7000-cambridge-ruling.mp3]	a decision
Rogers				
rd	forma abreviada de “road”			written abbreviation for road
poisoning	intoxicação,envenenamento		[sound:6001-7000-cambridge-uscld01080.mp3]	an illness caused by eating, drinking, or breathing a dangerous substance
pirate	pirata	/<span class="ipa dipa">ˈpɑɪ·rət</span>/	[sound:6001-7000-cambridge-pirate.mp3]	someone who attacks ships and steals from them
nursing	enfermagem	/<span class="ipa dipa">ˈnɜr·sɪŋ</span>/	[sound:6001-7000-cambridge-nursing.mp3]	the job of being a nurse
Maxine				
manipulative	manipulador	/<span class="ipa dipa">-t̬ɪv</span>/	[sound:6001-7000-cambridge-eus72897.mp3]	A manipulative person tries to control people to their advantage.
Mallory				
Lillian				
immature	imaturo	/<span class="ipa dipa">ˌɪm·əˈtʃʊər</span>/	[sound:6001-7000-cambridge-immature.mp3]	behaving like a younger person
husbands				
heel	calcanhar,salto	/<span class="ipa dipa">hil</span>/	[sound:6001-7000-cambridge-heal.mp3]	the back part of your foot
granddad				
delivering				
deaths				
condoms				
butts				
automatically	automaticamente	/<span class="ipa dipa">ˌɔ·t̬əˈmæt̬·ɪ·k<span class="sp dsp">ə</span>l·i</span>/	[sound:6001-7000-cambridge-automatically.mp3]	If a machine does something automatically, it does it without being controlled by anyone.
anchor	âncora,ancorar	/<span class="ipa dipa">ˈæŋ·kər</span>/	[sound:6001-7000-cambridge-anchor.mp3]	a heavy metal object that is dropped into water to stop a boat from moving
addict	toxicômano,-a,viciado	/<span class="ipa dipa">ˈæd·ɪkt</span>/	[sound:6001-7000-cambridge-addict.mp3]	someone who cannot stop taking a drug or doing something as a habit
Trish				
trashed				
tournament	torneio	/<span class="ipa dipa">ˈtʊr·nə·mənt</span>/	[sound:6001-7000-cambridge-tournament.mp3]	a competition
throne	trono	/<span class="ipa dipa">θroʊn</span>/	[sound:6001-7000-cambridge-throne.mp3]	the special chair that a king or queen sits on
Teresa				
slick	habilidoso,astuto,com lábia,mancha,revista ilustrada		[sound:6001-7000-cambridge-slick.mp3]	operating or performing skilfully and effectively, without problems and without seeming to need effort
sausage	embutido,salsicha,linguiça	/<span class="ipa dipa">ˈsɔ·sɪdʒ</span>/	[sound:6001-7000-cambridge-sausage.mp3]	a mixture of meat and spices pressed into a long tube
raining				
prices				
pasta	macarrão	/<span class="ipa dipa">ˈpɑ·stə</span>/	[sound:6001-7000-cambridge-pasta.mp3]	a food that is made from flour and water, and is made in many different shapes
Paloma				
needles				
leaning				
leaders				
judges				
ideal	ideal	/<span class="ipa dipa">ɑɪˈdi·əl</span>/	[sound:6001-7000-cambridge-ideal.mp3]	perfect, or the best possible
detector	detector	/<span class="ipa dipa">-tɚ</span>/	[sound:6001-7000-cambridge-detector.mp3]	a device used to find particular substances or things, or measure their level
coolest				
casting				
bean	feijão,grão	/<span class="ipa dipa">bin</span>/	[sound:6001-7000-cambridge-bean.mp3]	a seed or seed case of some climbing plants, sometimes used as food
battles				
batch	grupo	/<span class="ipa dipa">bætʃ</span>/	[sound:6001-7000-cambridge-batch.mp3]	a group of things or people that are dealt with at the same time
approximately	aproximadamente	/<span class="ipa dipa">əˈprɑk·sɪ·mət·li</span>/	[sound:6001-7000-cambridge-approximately.mp3]	close to a particular number or time, but not exactly that number or time
appointments				
almighty	todo-poderoso,tremendo	/<span class="ipa dipa">ɑːlˈmaɪ.t̬i</span>/	[sound:6001-7000-cambridge-eus70151.mp3]	(of God) having the power to do everything
achieve	conseguir,alcançar	/<span class="ipa dipa">əˈtʃiv</span>/	[sound:6001-7000-cambridge-achieve.mp3]	to succeed in doing something difficult
vegetables				
trapper	caçador,-ora	/<span class="ipa dipa">ˈtræp.ɚ</span>/	[sound:6001-7000-cambridge-trapper.mp3]	a person who catches wild animals, usually to sell their fur
swinging				
sum	quantia,quantidade,soma,cálculo	/<span class="ipa dipa">sʌm</span>/	[sound:6001-7000-cambridge-some.mp3]	an amount of money
spark	faísca	/<span class="ipa dipa">spɑrk</span>/	[sound:6001-7000-cambridge-spark.mp3]	a very small, bright piece of burning material
ruled				
